Date,Rate
1/1/14 23:58,1.4652
1/2/14 23:58,1.45779
1/3/14 23:58,1.445
1/4/14 23:58,1.445
1/5/14 23:58,1.4454
1/6/14 23:58,1.4529
1/7/14 23:58,1.4666
1/8/14 23:58,1.46904
1/9/14 23:58,1.4754
1/10/14 23:58,1.4893
1/11/14 23:58,1.4893
1/12/14 23:58,1.4908
1/13/14 23:58,1.48727
1/14/14 23:58,1.4962
1/15/14 23:58,1.4884
1/16/14 23:58,1.4884
1/17/14 23:58,1.4836
1/18/14 23:58,1.4836
1/19/14 23:58,1.483
1/20/14 23:58,1.48391
1/21/14 23:58,1.48723
1/22/14 23:58,1.50316
1/23/14 23:58,1.5211
1/24/14 23:58,1.5147
1/25/14 23:58,1.5147
1/26/14 23:58,1.51476
1/27/14 23:58,1.5197
1/28/14 23:58,1.522
1/29/14 23:58,1.5268
1/30/14 23:58,1.5122
1/31/14 23:58,1.5004
2/1/14 23:58,1.5004
2/2/14 23:58,1.50019
2/3/14 23:58,1.5024
2/4/14 23:58,1.49789
2/5/14 23:58,1.49921
2/6/14 23:58,1.50421
2/7/14 23:58,1.50391
2/8/14 23:58,1.5053
2/9/14 23:58,1.5035
2/10/14 23:58,1.50837
2/11/14 23:58,1.501
2/12/14 23:58,1.4942
2/13/14 23:58,1.5013
2/14/14 23:58,1.504
2/15/14 23:58,1.504
2/16/14 23:58,1.5029
2/17/14 23:58,1.5011
2/18/14 23:58,1.5068
2/19/14 23:58,1.5198
2/20/14 23:58,1.52302
2/21/14 23:58,1.52656
2/22/14 23:58,1.5289
2/23/14 23:58,1.5265
2/24/14 23:58,1.5191
2/25/14 23:58,1.5233
2/26/14 23:58,1.52349
2/27/14 23:58,1.5245
2/28/14 23:58,1.5259
3/1/14 23:58,1.5259
3/2/14 23:58,1.524
3/3/14 23:58,1.52193
3/4/14 23:58,1.5232
3/5/14 23:58,1.5142
3/6/14 23:58,1.52308
3/7/14 23:58,1.5383
3/8/14 23:58,1.5383
3/9/14 23:58,1.53878
3/10/14 23:58,1.5422
3/11/14 23:58,1.5393
3/12/14 23:58,1.54585
3/13/14 23:58,1.53621
3/14/14 23:58,1.5443
3/15/14 23:58,1.5443
3/16/14 23:58,1.54348
3/17/14 23:58,1.54006
3/18/14 23:58,1.5499
3/19/14 23:58,1.55408
3/20/14 23:58,1.54935
3/21/14 23:58,1.54776
3/22/14 23:58,1.5478
3/23/14 23:58,1.5486
3/24/14 23:58,1.5494
3/25/14 23:58,1.5421
3/26/14 23:58,1.52942
3/27/14 23:58,1.515
3/28/14 23:58,1.5207
3/29/14 23:58,1.5208
3/30/14 23:58,1.51974
3/31/14 23:58,1.5222
4/1/14 23:58,1.5211
4/2/14 23:58,1.51782
4/3/14 23:58,1.51386
4/4/14 23:58,1.5047
4/5/14 23:58,1.5047
4/6/14 23:58,1.5039
4/7/14 23:58,1.5078
4/8/14 23:58,1.5069
4/9/14 23:58,1.50765
4/10/14 23:58,1.5176
4/11/14 23:58,1.52409
4/12/14 23:58,1.5243
4/13/14 23:58,1.51912
4/14/14 23:58,1.5145
4/15/14 23:58,1.51717
4/16/14 23:58,1.52175
4/17/14 23:58,1.52048
4/18/14 23:58,1.5205
4/19/14 23:58,1.5205
4/20/14 23:58,1.5226
4/21/14 23:58,1.5192
4/22/14 23:58,1.5223
4/23/14 23:58,1.52441
4/24/14 23:58,1.52508
4/25/14 23:58,1.5264
4/26/14 23:58,1.5264
4/27/14 23:58,1.5272
4/28/14 23:58,1.52715
4/29/14 23:58,1.51235
4/30/14 23:58,1.5209
5/1/14 23:58,1.52055
5/2/14 23:58,1.52227
5/3/14 23:58,1.523066
5/4/14 23:58,1.52334
5/5/14 23:58,1.52052
5/6/14 23:58,1.51693
5/7/14 23:58,1.51609
5/8/14 23:58,1.49905
5/9/14 23:58,1.49957
5/10/14 23:58,1.4995
5/11/14 23:58,1.4994
5/12/14 23:58,1.499
5/13/14 23:58,1.49475
5/14/14 23:58,1.4932
5/15/14 23:58,1.4917
5/16/14 23:58,1.487
5/17/14 23:58,1.4872
5/18/14 23:58,1.48778
5/19/14 23:58,1.49019
5/20/14 23:58,1.4942
5/21/14 23:58,1.4934
5/22/14 23:58,1.4872
5/23/14 23:58,1.481
5/24/14 23:58,1.481196
5/25/14 23:58,1.481
5/26/14 23:58,1.4812
5/27/14 23:58,1.48032
5/28/14 23:58,1.4777
5/29/14 23:58,1.47392
5/30/14 23:58,1.4792
5/31/14 23:58,1.479289
6/1/14 23:58,1.47755
6/2/14 23:58,1.48193
6/3/14 23:58,1.48684
6/4/14 23:58,1.48813
6/5/14 23:58,1.4922
6/6/14 23:58,1.491
6/7/14 23:58,1.491
6/8/14 23:58,1.491
6/9/14 23:58,1.48236
6/10/14 23:58,1.47635
6/11/14 23:58,1.47077
6/12/14 23:58,1.4706
6/13/14 23:58,1.47
6/14/14 23:58,1.47
6/15/14 23:58,1.46882
6/16/14 23:58,1.47218
6/17/14 23:58,1.47093
6/18/14 23:58,1.47269
6/19/14 23:58,1.47224
6/20/14 23:58,1.46267
6/21/14 23:58,1.4627
6/22/14 23:58,1.46208
6/23/14 23:58,1.4594
6/24/14 23:58,1.4615
6/25/14 23:58,1.46137
6/26/14 23:58,1.4555
6/27/14 23:58,1.4554
6/28/14 23:58,1.456324
6/29/14 23:58,1.45527
6/30/14 23:58,1.46102
7/1/14 23:58,1.4545
7/2/14 23:58,1.4565
7/3/14 23:58,1.44771
7/4/14 23:58,1.448
7/5/14 23:58,1.448
7/6/14 23:58,1.4473
7/7/14 23:58,1.4534
7/8/14 23:58,1.45266
7/9/14 23:58,1.4528
7/10/14 23:58,1.4492
7/11/14 23:58,1.46044
7/12/14 23:58,1.4603
7/13/14 23:58,1.45946
7/14/14 23:58,1.4589
7/15/14 23:58,1.4591
7/16/14 23:58,1.4525
7/17/14 23:58,1.4549
7/18/14 23:58,1.4519
7/19/14 23:58,1.4519
7/20/14 23:58,1.4528
7/21/14 23:58,1.45207
7/22/14 23:58,1.44614
7/23/14 23:58,1.4437
7/24/14 23:58,1.4463
7/25/14 23:58,1.45225
7/26/14 23:58,1.4528
7/27/14 23:58,1.45211
7/28/14 23:58,1.4512
7/29/14 23:58,1.45509
7/30/14 23:58,1.4602
7/31/14 23:58,1.46025
8/1/14 23:58,1.4657
8/2/14 23:58,1.4657
8/3/14 23:58,1.46637
8/4/14 23:58,1.46375
8/5/14 23:58,1.4652
8/6/14 23:58,1.46116
8/7/14 23:58,1.4602
8/8/14 23:58,1.47133
8/9/14 23:58,1.47219
8/10/14 23:58,1.47059
8/11/14 23:58,1.4623
8/12/14 23:58,1.46068
8/13/14 23:58,1.4584
8/14/14 23:58,1.4571
8/15/14 23:58,1.4605
8/16/14 23:58,1.460899
8/17/14 23:58,1.45845
8/18/14 23:58,1.4547
8/19/14 23:58,1.4569
8/20/14 23:58,1.4541
8/21/14 23:58,1.453
8/22/14 23:58,1.4489
8/23/14 23:58,1.4489
8/24/14 23:58,1.4465
8/25/14 23:58,1.4486
8/26/14 23:58,1.442
8/27/14 23:58,1.4333
8/28/14 23:58,1.4312
8/29/14 23:58,1.4286
8/30/14 23:58,1.429102
8/31/14 23:58,1.4277
9/1/14 23:58,1.42748
9/2/14 23:58,1.43474
9/3/14 23:58,1.4317
9/4/14 23:58,1.4071
9/5/14 23:58,1.40926
9/6/14 23:58,1.409781
9/7/14 23:58,1.40985
9/8/14 23:58,1.4158
9/9/14 23:58,1.42026
9/10/14 23:58,1.4141
9/11/14 23:58,1.42603
9/12/14 23:58,1.43747
9/13/14 23:58,1.438
9/14/14 23:58,1.4374
9/15/14 23:58,1.4298
9/16/14 23:58,1.4216
9/17/14 23:58,1.41465
9/18/14 23:58,1.41337
9/19/14 23:58,1.4069
9/20/14 23:58,1.4069
9/21/14 23:58,1.4058
9/22/14 23:58,1.4179
9/23/14 23:58,1.4226
9/24/14 23:58,1.41401
9/25/14 23:58,1.4169
9/26/14 23:58,1.4146
9/27/14 23:58,1.4149
9/28/14 23:58,1.4143
9/29/14 23:58,1.41597
9/30/14 23:58,1.41422
10/1/14 23:58,1.40881
10/2/14 23:58,1.4135
10/3/14 23:58,1.4068
10/4/14 23:58,1.4083
10/5/14 23:58,1.4087
10/6/14 23:58,1.40952
10/7/14 23:58,1.41332
10/8/14 23:58,1.4139
10/9/14 23:58,1.4186
10/10/14 23:58,1.4143
10/11/14 23:58,1.4143
10/12/14 23:58,1.41556
10/13/14 23:58,1.4252
10/14/14 23:58,1.42911
10/15/14 23:58,1.4441
10/16/14 23:58,1.44144
10/17/14 23:58,1.43875
10/18/14 23:58,1.4391
10/19/14 23:58,1.4385
10/20/14 23:58,1.44426
10/21/14 23:58,1.4268
10/22/14 23:58,1.4211
10/23/14 23:58,1.42
10/24/14 23:58,1.42326
10/25/14 23:58,1.4237
10/26/14 23:58,1.4245
10/27/14 23:58,1.4284
10/28/14 23:58,1.4224
10/29/14 23:58,1.4136
10/30/14 23:58,1.4114
10/31/14 23:58,1.41062
11/1/14 23:58,1.411532
11/2/14 23:58,1.4109
11/3/14 23:58,1.4188
11/4/14 23:58,1.42994
11/5/14 23:58,1.4215
11/6/14 23:58,1.4146
11/7/14 23:58,1.4103
11/8/14 23:58,1.411492
11/9/14 23:58,1.4112
11/10/14 23:58,1.41314
11/11/14 23:58,1.4139
11/12/14 23:58,1.40694
11/13/14 23:58,1.41935
11/14/14 23:58,1.41393
11/15/14 23:58,1.4134
11/16/14 23:58,1.4131
11/17/14 23:58,1.40662
11/18/14 23:58,1.41888
11/19/14 23:58,1.4234
11/20/14 23:58,1.41856
11/21/14 23:58,1.392
11/22/14 23:58,1.392
11/23/14 23:58,1.3896
11/24/14 23:58,1.4036
11/25/14 23:58,1.4042
11/26/14 23:58,1.40746
11/27/14 23:58,1.41308
11/28/14 23:58,1.4213
11/29/14 23:58,1.422191
11/30/14 23:58,1.42417
12/1/14 23:58,1.4116
12/2/14 23:58,1.4121
12/3/14 23:58,1.39932
12/4/14 23:58,1.40937
12/5/14 23:58,1.40414
12/6/14 23:58,1.405
12/7/14 23:58,1.40721
12/8/14 23:58,1.41381
12/9/14 23:58,1.4174
12/10/14 23:58,1.4282
12/11/14 23:58,1.42859
12/12/14 23:58,1.4413
12/13/14 23:58,1.4413
12/14/14 23:58,1.4409
12/15/14 23:58,1.45
12/16/14 23:58,1.4552
12/17/14 23:58,1.4353
12/18/14 23:58,1.42372
12/19/14 23:58,1.41855
12/20/14 23:58,1.419547
12/21/14 23:58,1.41981
12/22/14 23:58,1.4227
12/23/14 23:58,1.4142
12/24/14 23:58,1.41731
12/25/14 23:58,1.41816
12/26/14 23:58,1.4175
12/27/14 23:58,1.418097
12/28/14 23:58,1.4151
12/29/14 23:58,1.41453
12/30/14 23:58,1.411
12/31/14 23:58,1.40496
1/1/15 23:58,1.40445
1/2/15 23:58,1.412
1/3/15 23:58,1.415007
1/4/15 23:58,1.4085
1/5/15 23:58,1.4033
1/6/15 23:58,1.4055
1/7/15 23:58,1.3983
1/8/15 23:58,1.3947
1/9/15 23:58,1.40425
1/10/15 23:58,1.405204
1/11/15 23:58,1.40595
1/12/15 23:58,1.4158
1/13/15 23:58,1.4076
1/14/15 23:58,1.4079
1/15/15 23:58,1.3914
1/16/15 23:58,1.3845
1/17/15 23:58,1.386404
1/18/15 23:58,1.384
1/19/15 23:58,1.3861
1/20/15 23:58,1.3983
1/21/15 23:58,1.43332
1/22/15 23:58,1.40453
1/23/15 23:58,1.3942
1/24/15 23:58,1.392602
1/25/15 23:58,1.38674
1/26/15 23:58,1.40345
1/27/15 23:58,1.4088
1/28/15 23:58,1.4131
1/29/15 23:58,1.4296
1/30/15 23:58,1.4349
1/31/15 23:58,1.4349
2/1/15 23:58,1.4345
2/2/15 23:58,1.4267
2/3/15 23:58,1.4252
2/4/15 23:58,1.42363
2/5/15 23:58,1.4263
2/6/15 23:58,1.4171
2/7/15 23:58,1.417092
2/8/15 23:58,1.4161
2/9/15 23:58,1.41282
2/10/15 23:58,1.4244
2/11/15 23:58,1.42721
2/12/15 23:58,1.4265
2/13/15 23:58,1.4193
2/14/15 23:58,1.4186
2/15/15 23:58,1.41953
2/16/15 23:58,1.41369
2/17/15 23:58,1.413
2/18/15 23:58,1.4197
2/19/15 23:58,1.4195
2/20/15 23:58,1.4255
2/21/15 23:58,1.426696
2/22/15 23:58,1.4262
2/23/15 23:58,1.4248
2/24/15 23:58,1.4168
2/25/15 23:58,1.41255
2/26/15 23:58,1.40105
2/27/15 23:58,1.3976
2/28/15 23:58,1.39819
3/1/15 23:58,1.39685
3/2/15 23:58,1.4013
3/3/15 23:58,1.39564
3/4/15 23:58,1.37672
3/5/15 23:58,1.37685
3/6/15 23:58,1.3684
3/7/15 23:58,1.3693
3/8/15 23:58,1.36669
3/9/15 23:58,1.3671
3/10/15 23:58,1.35721
3/11/15 23:58,1.34365
3/12/15 23:58,1.34821
3/13/15 23:58,1.3412
3/14/15 23:58,1.3412
3/15/15 23:58,1.34332
3/16/15 23:58,1.3504
3/17/15 23:58,1.35509
3/18/15 23:58,1.36158
3/19/15 23:58,1.355
3/20/15 23:58,1.35795
3/21/15 23:58,1.358954
3/22/15 23:58,1.36179
3/23/15 23:58,1.3706
3/24/15 23:58,1.3639
3/25/15 23:58,1.3731
3/26/15 23:58,1.35844
3/27/15 23:58,1.3735
3/28/15 23:58,1.374192
3/29/15 23:58,1.372
3/30/15 23:58,1.37227
3/31/15 23:58,1.3623
4/1/15 23:58,1.35803
4/2/15 23:58,1.36562
4/3/15 23:58,1.3661
4/4/15 23:58,1.366699
4/5/15 23:58,1.3721
4/6/15 23:58,1.3638
4/7/15 23:58,1.3531
4/8/15 23:58,1.35243
4/9/15 23:58,1.3416
4/10/15 23:58,1.3324
4/11/15 23:58,1.3344
4/12/15 23:58,1.33336
4/13/15 23:58,1.33129
4/14/15 23:58,1.32882
4/15/15 23:58,1.31369
4/16/15 23:58,1.3127
4/17/15 23:58,1.3226
4/18/15 23:58,1.323293
4/19/15 23:58,1.31955
4/20/15 23:58,1.31377
4/21/15 23:58,1.3177
4/22/15 23:58,1.3129
4/23/15 23:58,1.3136
4/24/15 23:58,1.3244
4/25/15 23:58,1.325293
4/26/15 23:58,1.32244
4/27/15 23:58,1.31542
4/28/15 23:58,1.3199
4/29/15 23:58,1.3356
4/30/15 23:58,1.35442
5/1/15 23:58,1.355
5/2/15 23:58,1.361804
5/3/15 23:58,1.3603
5/4/15 23:58,1.3479
5/5/15 23:58,1.3498
5/6/15 23:58,1.36545
5/7/15 23:58,1.36147
5/8/15 23:58,1.3526
5/9/15 23:58,1.354096
5/10/15 23:58,1.35348
5/11/15 23:58,1.3477
5/12/15 23:58,1.3465
5/13/15 23:58,1.3565
5/14/15 23:58,1.3662
5/15/15 23:58,1.3751
5/16/15 23:58,1.375799
5/17/15 23:58,1.3746
5/18/15 23:58,1.3753
5/19/15 23:58,1.3626
5/20/15 23:58,1.3547
5/21/15 23:58,1.3551
5/22/15 23:58,1.3524
5/23/15 23:58,1.352996
5/25/15 23:58,1.3513
5/26/15 23:58,1.35242
5/27/15 23:58,1.3571
5/28/15 23:58,1.3616
5/29/15 23:58,1.3682
6/1/15 23:58,1.3677
6/2/15 23:58,1.3838
6/3/15 23:58,1.4024
6/4/15 23:58,1.4002
6/5/15 23:58,1.382
6/8/15 23:58,1.4
6/9/15 23:58,1.39373
6/10/15 23:58,1.38842
6/11/15 23:58,1.3818
6/12/15 23:58,1.3878
6/15/15 23:58,1.3883
6/16/15 23:58,1.38208
6/17/15 23:58,1.3901
6/18/15 23:58,1.3902
6/19/15 23:58,1.3923
6/22/15 23:58,1.39722
6/23/15 23:58,1.37695
6/24/15 23:58,1.38778
6/25/15 23:58,1.38147
6/26/15 23:58,1.3756
6/29/15 23:58,1.39211
6/30/15 23:58,1.3891
7/1/15 23:58,1.38961
7/2/15 23:58,1.39077
7/3/15 23:58,1.3975
7/6/15 23:58,1.39843
7/7/15 23:58,1.3999
7/8/15 23:58,1.4088
7/9/15 23:58,1.40569
7/10/15 23:58,1.4138
7/13/15 23:58,1.401
7/14/15 23:58,1.4018
7/15/15 23:58,1.4144
7/16/15 23:58,1.41133
7/17/15 23:58,1.40455
7/20/15 23:58,1.4078
7/21/15 23:58,1.4155
7/22/15 23:58,1.4244
7/23/15 23:58,1.4302
7/24/15 23:58,1.4328
7/27/15 23:58,1.44575
7/28/15 23:58,1.43051
7/29/15 23:58,1.42212
7/30/15 23:58,1.4228
7/31/15 23:58,1.43735
8/3/15 23:58,1.4412
8/4/15 23:58,1.4361
8/5/15 23:58,1.4357
8/6/15 23:58,1.43232
8/7/15 23:58,1.4393
8/10/15 23:58,1.4332
8/11/15 23:58,1.4462
8/12/15 23:58,1.4476
8/13/15 23:58,1.4577
8/14/15 23:58,1.45477
8/17/15 23:58,1.4506
8/18/15 23:58,1.4403
8/19/15 23:58,1.45932
8/20/15 23:58,1.46916
8/21/15 23:58,1.5008
8/24/15 23:58,1.53828
8/25/15 23:58,1.5414
8/26/15 23:58,1.5077
8/27/15 23:58,1.4835
8/28/15 23:58,1.4762
8/31/15 23:58,1.4753
9/1/15 23:58,1.4969
9/2/15 23:58,1.4873
9/3/15 23:58,1.4672
9/4/15 23:58,1.47965
9/7/15 23:58,1.48409
9/8/15 23:58,1.47932
9/9/15 23:58,1.4896
9/10/15 23:58,1.49328
9/11/15 23:58,1.50319
9/14/15 23:58,1.4984
9/15/15 23:58,1.4926
9/16/15 23:58,1.487
9/17/15 23:58,1.5018
9/18/15 23:58,1.4947
9/21/15 23:58,1.4826
9/22/15 23:58,1.4758
9/23/15 23:58,1.49094
9/24/15 23:58,1.49123
9/25/15 23:58,1.4922
9/28/15 23:58,1.5042
9/29/15 23:58,1.5102
9/30/15 23:58,1.48746
10/1/15 23:58,1.4824
10/2/15 23:58,1.47445
10/5/15 23:58,1.4644
10/6/15 23:58,1.4698
10/7/15 23:58,1.46817
10/8/15 23:58,1.4667
10/9/15 23:58,1.4704
10/12/15 23:58,1.4776
10/13/15 23:58,1.4817
10/14/15 23:58,1.48246
10/15/15 23:58,1.4611
10/16/15 23:58,1.465
10/19/15 23:58,1.47485
10/20/15 23:58,1.4743
10/21/15 23:58,1.4902
10/22/15 23:58,1.4522
10/23/15 23:58,1.4502
10/26/15 23:58,1.4552
10/27/15 23:58,1.464
10/28/15 23:58,1.4414
10/29/15 23:58,1.44663
10/30/15 23:58,1.4391
10/31/15 23:58,1.439304
11/2/15 23:58,1.4422
11/3/15 23:58,1.43211
11/4/15 23:58,1.42948
11/5/15 23:58,1.43273
11/6/15 23:58,1.42839
11/7/15 23:58,1.428979
11/9/15 23:58,1.42731
11/10/15 23:58,1.42402
11/11/15 23:58,1.4261
11/12/15 23:58,1.43633
11/13/15 23:58,1.43484
11/14/15 23:58,1.435441
11/16/15 23:58,1.4248
11/17/15 23:58,1.41739
11/18/15 23:58,1.4189
11/19/15 23:58,1.42559
11/20/15 23:58,1.42124
11/22/15 23:58,1.42087
11/23/15 23:58,1.42159
11/24/15 23:58,1.41594
11/25/15 23:58,1.4126
11/26/15 23:58,1.40967
11/27/15 23:58,1.41621
11/28/15 23:58,1.417193
11/30/15 23:58,1.41092
12/1/15 23:58,1.4196
12/2/15 23:58,1.41647
12/3/15 23:58,1.45702
12/4/15 23:58,1.4545
12/5/15 23:58,1.454101
12/7/15 23:58,1.4632
12/8/15 23:58,1.47913
12/9/15 23:58,1.49443
12/10/15 23:58,1.4924
12/11/15 23:58,1.5102
12/12/15 23:58,1.512996
12/14/15 23:58,1.50882
12/15/15 23:58,1.50114
12/16/15 23:58,1.49966
12/17/15 23:58,1.50993
12/18/15 23:58,1.51659
12/19/15 23:58,1.516921
12/21/15 23:58,1.5221
12/22/15 23:58,1.52404
12/23/15 23:58,1.51106
12/24/15 23:58,1.5161
12/25/15 23:58,1.5145
12/26/15 23:58,1.515105
12/28/15 23:58,1.52486
12/29/15 23:58,1.51167
12/30/15 23:58,1.5169
12/31/15 23:58,1.5093
1/1/16 23:58,1.5025
1/2/16 23:58,1.503103
1/3/16 23:58,1.5046
1/4/16 23:58,1.50839
1/5/16 23:58,1.50354
1/6/16 23:58,1.51612
1/7/16 23:58,1.54076
1/8/16 23:58,1.54804
1/9/16 23:58,1.548922
1/10/16 23:58,1.55154
1/11/16 23:58,1.54407
1/12/16 23:58,1.5456
1/13/16 23:58,1.5622
1/14/16 23:58,1.5573
1/15/16 23:58,1.58611
1/16/16 23:58,1.58652
1/17/16 23:58,1.59187
1/18/16 23:58,1.58428
1/19/16 23:58,1.58879
1/20/16 23:58,1.57417
1/21/16 23:58,1.54951
1/22/16 23:58,1.5253
1/23/16 23:58,1.5276
1/24/16 23:58,1.52658
1/25/16 23:58,1.55153
1/26/16 23:58,1.53386
1/27/16 23:58,1.537
1/28/16 23:58,1.53481
1/29/16 23:58,1.51282
1/30/16 23:58,1.513454
1/31/16 23:58,1.51256
2/1/16 23:58,1.52
2/2/16 23:58,1.53536
2/3/16 23:58,1.53007
2/4/16 23:58,1.5404
2/5/16 23:58,1.55248
2/6/16 23:58,1.5506
2/7/16 23:58,1.5471
2/8/16 23:58,1.55804
2/9/16 23:58,1.5671
2/10/16 23:58,1.5704
2/11/16 23:58,1.57481
2/12/16 23:58,1.55844
2/13/16 23:58,1.558967
2/14/16 23:58,1.55286
2/15/16 23:58,1.5444
2/16/16 23:58,1.54503
2/17/16 23:58,1.521
2/18/16 23:58,1.526
2/19/16 23:58,1.53229
2/20/16 23:58,1.5334
2/21/16 23:58,1.53361
2/22/16 23:58,1.51087
2/23/16 23:58,1.52089
2/24/16 23:58,1.50918
2/25/16 23:58,1.49311
2/26/16 23:58,1.4769
2/27/16 23:58,1.477475
2/28/16 23:58,1.47969
2/29/16 23:58,1.47363
3/1/16 23:58,1.46009
3/2/16 23:58,1.45953
3/3/16 23:58,1.4676
3/4/16 23:58,1.46512
3/5/16 23:58,1.465716
3/6/16 23:58,1.46566
3/7/16 23:58,1.46411
3/8/16 23:58,1.4762
3/9/16 23:58,1.45541
3/10/16 23:58,1.49056
3/11/16 23:58,1.47316
3/12/16 23:58,1.473383
3/13/16 23:58,1.47817
3/14/16 23:58,1.47341
3/15/16 23:58,1.4834
3/16/16 23:58,1.47169
3/17/16 23:58,1.46931
3/18/16 23:58,1.4651
3/19/16 23:58,1.4651
3/20/16 23:58,1.47113
3/21/16 23:58,1.4708
3/22/16 23:58,1.46397
3/23/16 23:58,1.47682
3/24/16 23:58,1.47959
3/25/16 23:58,1.4801
3/26/16 23:58,1.482096
3/27/16 23:58,1.48085
3/28/16 23:58,1.47588
3/29/16 23:58,1.47471
3/30/16 23:58,1.47078
3/31/16 23:58,1.4781
4/1/16 23:58,1.48217
4/2/16 23:58,1.4813
4/3/16 23:58,1.48536
4/4/16 23:58,1.48903
4/5/16 23:58,1.49566
4/6/16 23:58,1.49153
4/7/16 23:58,1.4944
4/8/16 23:58,1.4803
4/9/16 23:58,1.4803
4/10/16 23:58,1.48018
4/11/16 23:58,1.47323
4/12/16 23:58,1.45332
4/13/16 23:58,1.4455
4/14/16 23:58,1.44678
4/15/16 23:58,1.44599
4/16/16 23:58,1.446696
4/17/16 23:58,1.4662
4/18/16 23:58,1.44384
4/19/16 23:58,1.44211
4/20/16 23:58,1.4291
4/21/16 23:58,1.4368
4/22/16 23:58,1.42143
4/23/16 23:58,1.422131
4/24/16 23:58,1.42311
4/25/16 23:58,1.42825
4/26/16 23:58,1.4243
4/27/16 23:58,1.42544
4/28/16 23:58,1.42546
4/29/16 23:58,1.43658
4/30/16 23:58,1.4377
5/1/16 23:58,1.43774
5/2/16 23:58,1.44359
5/3/16 23:58,1.46071
5/4/16 23:58,1.47804
5/5/16 23:58,1.4657
5/6/16 23:58,1.47202
5/7/16 23:58,1.472255
5/8/16 23:58,1.47234
5/9/16 23:58,1.47511
5/10/16 23:58,1.46898
5/11/16 23:58,1.46945
5/12/16 23:58,1.46064
5/13/16 23:58,1.46295
5/14/16 23:58,1.463314
5/15/16 23:58,1.46602
5/16/16 23:58,1.45931
5/17/16 23:58,1.4607
5/18/16 23:58,1.46141
5/19/16 23:58,1.46636
5/20/16 23:58,1.47184
5/21/16 23:58,1.472146
5/22/16 23:58,1.47274
5/23/16 23:58,1.47411
5/24/16 23:58,1.46178
5/25/16 23:58,1.45417
5/26/16 23:58,1.45205
5/27/16 23:58,1.44754
5/28/16 23:58,1.4481
5/29/16 23:58,1.44892
5/30/16 23:58,1.45371
5/31/16 23:58,1.45596
6/1/16 23:58,1.4627
6/2/16 23:58,1.46021
6/3/16 23:58,1.47028
6/4/16 23:58,1.47102
6/5/16 23:58,1.47065
6/6/16 23:58,1.45596
6/7/16 23:58,1.44874
6/8/16 23:58,1.44651
6/9/16 23:58,1.43996
6/10/16 23:58,1.43754
6/11/16 23:58,1.437959
6/12/16 23:58,1.43652
6/13/16 23:58,1.44814
6/14/16 23:58,1.44171
6/15/16 23:58,1.4539
6/16/16 23:58,1.45399
6/17/16 23:58,1.45359
6/18/16 23:58,1.454207
6/19/16 23:58,1.45769
6/20/16 23:58,1.449
6/21/16 23:58,1.44028
6/22/16 23:58,1.45121
6/23/16 23:58,1.45344
6/24/16 23:58,1.4459
6/25/16 23:58,1.446508
6/26/16 23:58,1.4376
6/27/16 23:58,1.43908
6/28/16 23:58,1.44218
6/29/16 23:58,1.43871
6/30/16 23:58,1.43902
7/1/16 23:58,1.43791
7/2/16 23:58,1.4379
7/3/16 23:58,1.43684
7/4/16 23:58,1.43393
7/5/16 23:58,1.43886
7/6/16 23:58,1.43833
7/7/16 23:58,1.43819
7/8/16 23:58,1.44082
7/9/16 23:58,1.4408
7/10/16 23:58,1.44086
7/11/16 23:58,1.45111
7/12/16 23:58,1.44387
7/13/16 23:58,1.43957
7/14/16 23:58,1.43346
7/15/16 23:58,1.4314
7/16/16 23:58,1.4302
7/17/16 23:58,1.43231
7/18/16 23:58,1.43464
7/19/16 23:58,1.43456
7/20/16 23:58,1.43968
7/21/16 23:58,1.44218
7/22/16 23:58,1.44097
7/23/16 23:58,1.441379
7/24/16 23:58,1.44087
7/25/16 23:58,1.4533
7/26/16 23:58,1.44756
7/27/16 23:58,1.45412
7/28/16 23:58,1.45771
7/29/16 23:58,1.45701
7/30/16 23:58,1.4561
7/31/16 23:58,1.45828
8/1/16 23:58,1.46546
8/2/16 23:58,1.47014
8/3/16 23:58,1.4574
8/4/16 23:58,1.4491
8/5/16 23:58,1.46071
8/6/16 23:58,1.461091
8/7/16 23:58,1.46139
8/8/16 23:58,1.45807
8/9/16 23:58,1.45821
8/10/16 23:58,1.46037
8/11/16 23:58,1.44631
8/12/16 23:58,1.44635
8/13/16 23:58,1.446842
8/14/16 23:58,1.44686
8/15/16 23:58,1.44563
8/16/16 23:58,1.45026
8/17/16 23:58,1.45118
8/18/16 23:58,1.4495
8/19/16 23:58,1.45656
8/20/16 23:58,1.457152
8/21/16 23:58,1.4558
8/22/16 23:58,1.46456
8/23/16 23:58,1.4596
8/24/16 23:58,1.45616
8/25/16 23:58,1.4572
8/26/16 23:58,1.45572
8/27/16 23:58,1.4558
8/28/16 23:58,1.45744
8/29/16 23:58,1.4557
8/30/16 23:58,1.45916
8/31/16 23:58,1.4627
9/1/16 23:58,1.46631
9/2/16 23:58,1.4495
9/3/16 23:58,1.4492
9/4/16 23:58,1.44987
9/5/16 23:58,1.44172
9/6/16 23:58,1.44529
9/7/16 23:58,1.44788
9/8/16 23:58,1.45614
9/9/16 23:58,1.46535
9/10/16 23:58,1.4589
9/11/16 23:58,1.46663
9/12/16 23:58,1.46483
9/13/16 23:58,1.47607
9/14/16 23:58,1.48375
9/15/16 23:58,1.4792
9/16/16 23:58,1.47402
9/17/16 23:58,1.4736
9/18/16 23:58,1.47243
9/19/16 23:58,1.47573
9/20/16 23:58,1.47017
9/21/16 23:58,1.46413
9/22/16 23:58,1.46255
9/23/16 23:58,1.47807
9/24/16 23:58,1.4793
9/25/16 23:58,1.4775
9/26/16 23:58,1.48781
9/27/16 23:58,1.48148
9/28/16 23:58,1.46619
9/29/16 23:58,1.47554
9/30/16 23:58,1.47558
10/1/16 23:58,1.4698
10/2/16 23:58,1.47499
10/3/16 23:58,1.4701
10/4/16 23:58,1.4786
10/5/16 23:58,1.47667
10/6/16 23:58,1.47317
10/7/16 23:58,1.48908
10/8/16 23:58,1.48938
10/9/16 23:58,1.48335
10/10/16 23:58,1.46656
10/11/16 23:58,1.46295
10/12/16 23:58,1.46166
10/13/16 23:58,1.45853
10/14/16 23:58,1.44147
10/15/16 23:58,1.4412
10/16/16 23:58,1.44105
10/17/16 23:58,1.44435
10/18/16 23:58,1.43849
10/19/16 23:58,1.44126
10/20/16 23:58,1.4456
10/21/16 23:58,1.4517
10/22/16 23:58,1.4518
10/23/16 23:58,1.45282
10/24/16 23:58,1.451
10/25/16 23:58,1.4535
10/26/16 23:58,1.4587
10/27/16 23:58,1.4588
10/28/16 23:58,1.47126
10/29/16 23:58,1.4711
10/30/16 23:58,1.47218
10/31/16 23:58,1.47211
11/1/16 23:58,1.48051
11/2/16 23:58,1.48601
11/3/16 23:58,1.4862
11/4/16 23:58,1.49314
11/5/16 23:58,1.4928
11/6/16 23:58,1.48253
11/7/16 23:58,1.47742
11/8/16 23:58,1.46459
11/9/16 23:58,1.46454
11/10/16 23:58,1.46676
11/11/16 23:58,1.46958
11/12/16 23:58,1.4709
11/13/16 23:58,1.46403
11/14/16 23:58,1.45493
11/15/16 23:58,1.443
11/16/16 23:58,1.43738
11/17/16 23:58,1.43774
11/18/16 23:58,1.4313
11/19/16 23:58,1.4313
11/20/16 23:58,1.4294
11/21/16 23:58,1.42639
11/22/16 23:58,1.42805
11/23/16 23:58,1.42338
11/24/16 23:58,1.4246
11/25/16 23:58,1.4346
11/26/16 23:58,1.4346
11/27/16 23:58,1.43411
11/28/16 23:58,1.4229
11/29/16 23:58,1.42992
11/30/16 23:58,1.42184
12/1/16 23:58,1.41872
12/2/16 23:58,1.4183
12/3/16 23:58,1.418198
12/4/16 23:58,1.40967
12/5/16 23:58,1.42715
12/6/16 23:58,1.42298
12/7/16 23:58,1.42296
12/8/16 23:58,1.40112
12/9/16 23:58,1.3924
12/10/16 23:58,1.3924
12/11/16 23:58,1.38455
12/12/16 23:58,1.39658
12/13/16 23:58,1.3954
12/14/16 23:58,1.39748
12/15/16 23:58,1.38879
12/16/16 23:58,1.39381
12/17/16 23:58,1.3938
12/18/16 23:58,1.39356
12/19/16 23:58,1.39448
12/20/16 23:58,1.38919
12/21/16 23:58,1.40029
12/22/16 23:58,1.40711
12/23/16 23:58,1.41588
12/24/16 23:58,1.4156
12/25/16 23:58,1.413
12/26/16 23:58,1.41352
12/27/16 23:58,1.4197
12/28/16 23:58,1.41142
12/29/16 23:58,1.42466
12/30/16 23:58,1.4135
12/31/16 23:58,1.4133
1/1/17 23:58,1.41307
1/2/17 23:58,1.40561
1/3/17 23:58,1.39794
1/4/17 23:58,1.39608
1/5/17 23:58,1.40285
1/6/17 23:58,1.39422
1/7/17 23:58,1.3941
1/8/17 23:58,1.39422
1/9/17 23:58,1.39904
1/10/17 23:58,1.39755
1/11/17 23:58,1.39455
1/12/17 23:58,1.39582
1/13/17 23:58,1.39532
1/14/17 23:58,1.3952
1/15/17 23:58,1.39515
1/16/17 23:58,1.39685
1/17/17 23:58,1.39713
1/18/17 23:58,1.40961
1/19/17 23:58,1.4199
1/20/17 23:58,1.42482
1/21/17 23:58,1.4245
1/22/17 23:58,1.42517
1/23/17 23:58,1.4242
1/24/17 23:58,1.41111
1/25/17 23:58,1.4051
1/26/17 23:58,1.39825
1/27/17 23:58,1.4077
1/28/17 23:58,1.4077
1/29/17 23:58,1.4068
1/30/17 23:58,1.40295
1/31/17 23:58,1.40834
2/1/17 23:58,1.40485
2/2/17 23:58,1.40216
2/3/17 23:58,1.40469
2/4/17 23:58,1.4052
2/5/17 23:58,1.40388
2/6/17 23:58,1.4052
2/7/17 23:58,1.40843
2/8/17 23:58,1.40544
2/9/17 23:58,1.3995
2/10/17 23:58,1.39217
2/11/17 23:58,1.392
2/12/17 23:58,1.39291
2/13/17 23:58,1.3852
2/14/17 23:58,1.38372
2/15/17 23:58,1.38606
2/16/17 23:58,1.39529
2/17/17 23:58,1.38937
2/18/17 23:58,1.391
2/19/17 23:58,1.3907
2/20/17 23:58,1.39026
2/21/17 23:58,1.38571
2/22/17 23:58,1.38878
2/23/17 23:58,1.3863
2/24/17 23:58,1.38304
2/25/17 23:58,1.3826
2/26/17 23:58,1.3844
2/27/17 23:58,1.39561
2/28/17 23:58,1.40673
3/1/17 23:58,1.40652
3/2/17 23:58,1.40678
3/3/17 23:58,1.42059
3/4/17 23:58,1.4204
3/5/17 23:58,1.42111
3/6/17 23:58,1.41759
3/7/17 23:58,1.41737
3/8/17 23:58,1.42228
3/9/17 23:58,1.42863
3/10/17 23:58,1.4384
3/12/17 23:58,1.43878
3/13/17 23:58,1.43259
3/14/17 23:58,1.42942
3/15/17 23:58,1.42757
3/16/17 23:58,1.43512
3/17/17 23:58,1.43301
3/18/17 23:58,1.4335
3/19/17 23:58,1.43243
3/20/17 23:58,1.43204
3/21/17 23:58,1.4443
3/22/17 23:58,1.43856
3/23/17 23:58,1.4389
3/24/17 23:58,1.445
3/25/17 23:58,1.4445
3/26/17 23:58,1.44524
3/27/17 23:58,1.45384
3/28/17 23:58,1.44698
3/29/17 23:58,1.43439
3/30/17 23:58,1.42469
3/31/17 23:58,1.4183
4/1/17 23:58,1.419708
4/2/17 23:58,1.42165
4/3/17 23:58,1.4278
4/4/17 23:58,1.43084
4/5/17 23:58,1.43366
4/6/17 23:58,1.42821
4/7/17 23:58,1.41954
4/8/17 23:58,1.4184
4/9/17 23:58,1.41863
4/10/17 23:58,1.4114
4/11/17 23:58,1.41381
4/12/17 23:58,1.41289
4/13/17 23:58,1.41553
4/14/17 23:58,1.41375
4/15/17 23:58,1.414
4/16/17 23:58,1.41245
4/17/17 23:58,1.41834
4/18/17 23:58,1.43557
4/19/17 23:58,1.44449
4/20/17 23:58,1.4437
4/21/17 23:58,1.448
4/22/17 23:58,1.447995
4/23/17 23:58,1.46603
4/24/17 23:58,1.4717
4/25/17 23:58,1.48323
4/26/17 23:58,1.48562
4/27/17 23:58,1.48047
4/28/17 23:58,1.48742
4/29/17 23:58,1.4874
4/30/17 23:58,1.48775
5/1/17 23:58,1.4916
5/2/17 23:58,1.49881
5/3/17 23:58,1.49459
5/4/17 23:58,1.5096
5/5/17 23:58,1.50113
5/6/17 23:58,1.501772
5/7/17 23:58,1.49881
5/8/17 23:58,1.49603
5/9/17 23:58,1.4923
5/10/17 23:58,1.48985
5/11/17 23:58,1.48879
5/12/17 23:58,1.49852
5/13/17 23:58,1.49916
5/14/17 23:58,1.4985
5/15/17 23:58,1.49613
5/16/17 23:58,1.51003
5/17/17 23:58,1.51704
5/18/17 23:58,1.51146
5/19/17 23:58,1.51402
5/20/17 23:58,1.5141
5/21/17 23:58,1.51435
5/22/17 23:58,1.51626
5/23/17 23:58,1.51144
5/24/17 23:58,1.50623
5/25/17 23:58,1.51149
5/26/17 23:58,1.50319
5/27/17 23:58,1.5034
5/28/17 23:58,1.50336
5/29/17 23:58,1.49936
5/30/17 23:58,1.50478
5/31/17 23:58,1.51631
6/1/17 23:58,1.51552
6/2/17 23:58,1.52095
6/3/17 23:58,1.521
6/4/17 23:58,1.52263
6/5/17 23:58,1.51696
6/6/17 23:58,1.51576
6/7/17 23:58,1.52
6/8/17 23:58,1.51213
6/9/17 23:58,1.50747
6/10/17 23:58,1.5071
6/11/17 23:58,1.50696
6/12/17 23:58,1.49021
6/13/17 23:58,1.48399
6/14/17 23:58,1.48461
6/15/17 23:58,1.4773
6/16/17 23:58,1.47906
6/17/17 23:58,1.4789
6/18/17 23:58,1.4804
6/19/17 23:58,1.47388
6/20/17 23:58,1.47769
6/21/17 23:58,1.48813
6/22/17 23:58,1.47512
6/23/17 23:58,1.48533
6/24/17 23:58,1.485
6/25/17 23:58,1.48492
6/26/17 23:58,1.4821
6/27/17 23:58,1.494
6/28/17 23:58,1.48401
6/29/17 23:58,1.48625
6/30/17 23:58,1.48109
7/1/17 23:58,1.4804
7/2/17 23:58,1.48199
7/3/17 23:58,1.47713
7/4/17 23:58,1.46891
7/5/17 23:58,1.47049
7/6/17 23:58,1.48265
7/7/17 23:58,1.46792
7/8/17 23:58,1.4678
7/9/17 23:58,1.46894
7/10/17 23:58,1.46933
7/11/17 23:58,1.48125
7/12/17 23:58,1.45576
7/13/17 23:58,1.45124
7/14/17 23:58,1.4502
7/15/17 23:58,1.45081
7/16/17 23:58,1.45049
7/17/17 23:58,1.45677
7/18/17 23:58,1.45885
7/19/17 23:58,1.45253
7/20/17 23:58,1.46465
7/21/17 23:58,1.46238
7/22/17 23:58,1.4614
7/23/17 23:58,1.4641
7/24/17 23:58,1.4554
7/25/17 23:58,1.45622
7/26/17 23:58,1.46033
7/27/17 23:58,1.46571
7/28/17 23:58,1.46048
7/29/17 23:58,1.4608
7/30/17 23:58,1.46382
7/31/17 23:58,1.4788
8/1/17 23:58,1.48178
8/2/17 23:58,1.48959
8/3/17 23:58,1.493
8/4/17 23:58,1.48923
8/5/17 23:58,1.489713
8/6/17 23:58,1.48908
8/7/17 23:58,1.49565
8/8/17 23:58,1.4889
8/9/17 23:58,1.49299
8/10/17 23:58,1.499
8/11/17 23:58,1.49876
8/12/17 23:58,1.4978
8/13/17 23:58,1.49862
8/14/17 23:58,1.49864
8/15/17 23:58,1.49724
8/16/17 23:58,1.48627
8/17/17 23:58,1.48585
8/18/17 23:58,1.47938
8/19/17 23:58,1.4795
8/20/17 23:58,1.47949
8/21/17 23:58,1.48346
8/22/17 23:58,1.47787
8/23/17 23:58,1.48205
8/24/17 23:58,1.47631
8/25/17 23:58,1.48793
8/26/17 23:58,1.4877
8/27/17 23:58,1.49051
8/28/17 23:58,1.49696
8/29/17 23:58,1.49793
8/30/17 23:58,1.50132
8/31/17 23:58,1.48556
9/1/17 23:58,1.47027
9/2/17 23:58,1.4693
9/3/17 23:58,1.47086
9/4/17 23:58,1.47634
9/5/17 23:58,1.47469
9/6/17 23:58,1.45907
9/7/17 23:58,1.45659
9/8/17 23:58,1.4628
9/9/17 23:58,1.4628
9/10/17 23:58,1.4602
9/11/17 23:58,1.44794
9/12/17 23:58,1.4568
9/13/17 23:58,1.4463
9/14/17 23:58,1.44989
9/15/17 23:58,1.4572
9/16/17 23:58,1.457789
9/17/17 23:58,1.45622
9/18/17 23:58,1.46849
9/19/17 23:58,1.4736
9/20/17 23:58,1.46544
9/21/17 23:58,1.47205
9/22/17 23:58,1.47385
9/23/17 23:58,1.474404
9/24/17 23:58,1.4724
9/25/17 23:58,1.46648
9/26/17 23:58,1.45715
9/27/17 23:58,1.46637
9/28/17 23:58,1.46511
9/29/17 23:58,1.45638
9/30/17 23:58,1.456558
10/1/17 23:58,1.4721
10/2/17 23:58,1.46861
10/3/17 23:58,1.46723
10/4/17 23:58,1.46719
10/5/17 23:58,1.47197
10/6/17 23:58,1.4705
10/7/17 23:58,1.4705
10/8/17 23:58,1.47196
10/9/17 23:58,1.47385
10/10/17 23:58,1.47805
10/11/17 23:58,1.47675
10/12/17 23:58,1.47601
10/13/17 23:58,1.4736
10/14/17 23:58,1.4732
10/15/17 23:58,1.4741
10/16/17 23:58,1.4771
10/17/17 23:58,1.47085
10/18/17 23:58,1.47019
10/19/17 23:58,1.47859
10/20/17 23:58,1.4878
10/21/17 23:58,1.487
10/22/17 23:58,1.48524
10/23/17 23:58,1.4854
10/24/17 23:58,1.4896
10/25/17 23:58,1.512
10/26/17 23:58,1.49539
10/27/17 23:58,1.4865
10/28/17 23:58,1.487099
10/29/17 23:58,1.48891
10/30/17 23:58,1.49442
10/31/17 23:58,1.50197
11/1/17 23:58,1.497
11/2/17 23:58,1.4928
11/3/17 23:58,1.4813
11/4/17 23:58,1.4809
11/5/17 23:58,1.4821
11/6/17 23:58,1.47631
11/7/17 23:58,1.4802
11/8/17 23:58,1.4751
11/9/17 23:58,1.4765
11/10/17 23:58,1.4795
11/11/17 23:58,1.4795
11/12/17 23:58,1.4799
11/13/17 23:58,1.48566
11/14/17 23:58,1.50164
11/15/17 23:58,1.50432
11/16/17 23:58,1.5019
11/17/17 23:58,1.5057
11/18/17 23:58,1.5057
11/19/17 23:58,1.50078
11/20/17 23:58,1.50392
11/21/17 23:58,1.49918
11/22/17 23:58,1.5008
11/23/17 23:58,1.50638
11/24/17 23:58,1.5175
11/25/17 23:58,1.5157
11/26/17 23:58,1.51604
11/27/17 23:58,1.51881
11/28/17 23:58,1.51817
11/29/17 23:58,1.52453
11/30/17 23:58,1.53387
12/1/17 23:58,1.509
12/2/17 23:58,1.509
12/3/17 23:58,1.50818
12/4/17 23:58,1.50434
12/5/17 23:58,1.5013
12/6/17 23:58,1.50931
12/7/17 23:58,1.5136
12/8/17 23:58,1.5135
12/9/17 23:58,1.5133
12/10/17 23:58,1.5134
12/11/17 23:58,1.51358
12/12/17 23:58,1.5108
12/13/17 23:58,1.51694
12/14/17 23:58,1.5064
12/15/17 23:58,1.5134
12/16/17 23:58,1.514004
12/17/17 23:58,1.51186
12/18/17 23:58,1.51604
12/19/17 23:58,1.52443
12/20/17 23:58,1.52333
12/21/17 23:58,1.51023
12/22/17 23:58,1.5086
12/23/17 23:58,1.5084
12/24/17 23:58,1.5079
12/25/17 23:58,1.50944
12/26/17 23:58,1.50431
12/27/17 23:58,1.50524
12/28/17 23:58,1.50015
12/29/17 23:58,1.5093
12/30/17 23:58,1.5085
12/31/17 23:58,1.5085
1/1/18 23:58,1.50782
1/2/18 23:58,1.50834
1/3/18 23:58,1.50673
1/4/18 23:58,1.50725
1/5/18 23:58,1.4936
1/6/18 23:58,1.494209
1/7/18 23:58,1.49197
1/8/18 23:58,1.4855
1/9/18 23:58,1.48788
1/10/18 23:58,1.4981
1/11/18 23:58,1.50772
1/12/18 23:58,1.5194
1/13/18 23:58,1.5187
1/14/18 23:58,1.51912
1/15/18 23:58,1.52404
1/16/18 23:58,1.5246
1/17/18 23:58,1.51529
1/18/18 23:58,1.51852
1/19/18 23:58,1.5272
1/20/18 23:58,1.5272
1/21/18 23:58,1.53018
1/22/18 23:58,1.52612
1/23/18 23:58,1.52817
1/24/18 23:58,1.53051
1/25/18 23:58,1.53388
1/26/18 23:58,1.5297
1/27/18 23:58,1.53069
1/28/18 23:58,1.53021
1/29/18 23:58,1.52699
1/30/18 23:58,1.5305
1/31/18 23:58,1.5273
2/1/18 23:58,1.53366
2/2/18 23:58,1.5476
2/3/18 23:58,1.5476
2/4/18 23:58,1.54736
2/5/18 23:58,1.55029
2/6/18 23:58,1.54815
2/7/18 23:58,1.54175
2/8/18 23:58,1.54353
2/9/18 23:58,1.5407
2/10/18 23:58,1.5407
2/11/18 23:58,1.54236
2/12/18 23:58,1.54763
2/13/18 23:58,1.5552
2/14/18 23:58,1.55621
2/15/18 23:58,1.5604
2/16/18 23:58,1.5572
2/17/18 23:58,1.5572
2/18/18 23:58,1.558
2/19/18 23:58,1.55816
2/20/18 23:58,1.56012
2/21/18 23:58,1.5594
2/22/18 23:58,1.56703
2/23/18 23:58,1.5528
2/24/18 23:58,1.5563
2/25/18 23:58,1.55398
2/26/18 23:58,1.5619
2/27/18 23:58,1.56184
2/28/18 23:58,1.5643
3/1/18 23:58,1.5741
3/2/18 23:58,1.5864
3/3/18 23:58,1.5864
3/4/18 23:58,1.5869
3/5/18 23:58,1.60119
3/6/18 23:58,1.60764
3/7/18 23:58,1.6016
3/8/18 23:58,1.58703
3/9/18 23:58,1.5763
3/10/18 23:58,1.577311
3/11/18 23:58,1.57704
3/12/18 23:58,1.58457
3/13/18 23:58,1.6053
3/14/18 23:58,1.60303
3/15/18 23:58,1.60594
3/16/18 23:58,1.6097
3/17/18 23:58,1.610695
3/18/18 23:58,1.60793
3/19/18 23:58,1.61378
3/20/18 23:58,1.60128
3/21/18 23:58,1.59239
3/22/18 23:58,1.59365
3/23/18 23:58,1.592
3/24/18 23:58,1.592
3/25/18 23:58,1.59125
3/26/18 23:58,1.59897
3/27/18 23:58,1.59776
3/28/18 23:58,1.59022
3/29/18 23:58,1.5854
3/30/18 23:58,1.5884
3/31/18 23:58,1.5884
4/1/18 23:58,1.58758
4/2/18 23:58,1.58836
4/3/18 23:58,1.57231
4/4/18 23:58,1.56707
4/5/18 23:58,1.56432
4/6/18 23:58,1.5693
4/7/18 23:58,1.5693
4/8/18 23:58,1.56822
4/9/18 23:58,1.5651
4/10/18 23:58,1.55686
4/11/18 23:58,1.55486
4/12/18 23:58,1.55202
4/13/18 23:58,1.554
4/14/18 23:58,1.554992
4/15/18 23:58,1.55419
4/16/18 23:58,1.55631
4/17/18 23:58,1.55378
4/18/18 23:58,1.56299
4/19/18 23:58,1.56346
4/20/18 23:58,1.5677
4/21/18 23:58,1.5682
4/22/18 23:58,1.56699
4/23/18 23:58,1.56825
4/24/18 23:58,1.56902
4/25/18 23:58,1.56224
4/26/18 23:58,1.55851
4/27/18 23:58,1.5547
4/28/18 23:58,1.555693
4/29/18 23:58,1.55658
4/30/18 23:58,1.55026
5/1/18 23:58,1.54032
5/2/18 23:58,1.53966
5/3/18 23:58,1.54058
5/4/18 23:58,1.5363
5/5/18 23:58,1.536
5/6/18 23:58,1.53692
5/7/18 23:58,1.53701
5/8/18 23:58,1.53641
5/9/18 23:58,1.52221
5/10/18 23:58,1.52125
5/11/18 23:58,1.5275
5/12/18 23:58,1.5275
5/13/18 23:58,1.52754
5/14/18 23:58,1.52723
5/15/18 23:58,1.52143
5/16/18 23:58,1.50992
5/17/18 23:58,1.51344
5/18/18 23:58,1.5161
5/19/18 23:58,1.5161
5/20/18 23:58,1.5151
5/21/18 23:58,1.5063
5/22/18 23:58,1.5107
5/23/18 23:58,1.50295
5/24/18 23:58,1.51015
5/25/18 23:58,1.5111
5/26/18 23:58,1.5111
5/27/18 23:58,1.51664
5/28/18 23:58,1.51044
5/29/18 23:58,1.50327
5/30/18 23:58,1.5039
5/31/18 23:58,1.51349
6/1/18 23:58,1.5095
6/2/18 23:58,1.51
6/3/18 23:58,1.51169
6/4/18 23:58,1.51235
6/5/18 23:58,1.51712
6/6/18 23:58,1.52525
6/7/18 23:58,1.53111
6/8/18 23:58,1.521
6/9/18 23:58,1.5215
6/10/18 23:58,1.5279
6/11/18 23:58,1.52904
6/12/18 23:58,1.5291
6/13/18 23:58,1.53136
6/14/18 23:58,1.517
6/15/18 23:58,1.5318
6/16/18 23:58,1.532801
6/17/18 23:58,1.5301
6/18/18 23:58,1.53653
6/19/18 23:58,1.53868
6/20/18 23:58,1.54064
6/21/18 23:58,1.545
6/22/18 23:58,1.5461
6/23/18 23:58,1.547101
6/24/18 23:58,1.5479
6/25/18 23:58,1.55586
6/26/18 23:58,1.54957
6/27/18 23:58,1.54124
6/28/18 23:58,1.53266
6/29/18 23:58,1.5341
6/30/18 23:58,1.5341
7/1/18 23:58,1.5348
7/2/18 23:58,1.5347
7/3/18 23:58,1.53243
7/4/18 23:58,1.5319
7/5/18 23:58,1.53615
7/6/18 23:58,1.5365
7/7/18 23:58,1.5368
7/8/18 23:58,1.53895
7/9/18 23:58,1.54127
7/10/18 23:58,1.54135
7/11/18 23:58,1.5416
7/12/18 23:58,1.53557
7/13/18 23:58,1.5372
7/14/18 23:58,1.5372
7/15/18 23:58,1.5362
7/16/18 23:58,1.5381
7/17/18 23:58,1.53851
7/18/18 23:58,1.53328
7/19/18 23:58,1.54541
7/20/18 23:58,1.5402
7/21/18 23:58,1.5403
7/22/18 23:58,1.54023
7/23/18 23:58,1.54004
7/24/18 23:58,1.53653
7/25/18 23:58,1.53015
7/26/18 23:58,1.5212
7/27/18 23:58,1.5212
7/28/18 23:58,1.522209
7/29/18 23:58,1.52312
7/30/18 23:58,1.52514
7/31/18 23:58,1.52175
8/1/18 23:58,1.51603
8/2/18 23:58,1.50887
8/3/18 23:58,1.5038
8/4/18 23:58,1.5048
8/5/18 23:58,1.50466
8/6/18 23:58,1.5023
8/7/18 23:58,1.51474
8/8/18 23:58,1.5111
8/9/18 23:58,1.50333
8/10/18 23:58,1.4988
8/11/18 23:58,1.49979
8/12/18 23:58,1.4976
8/13/18 23:58,1.49696
8/14/18 23:58,1.4808
8/15/18 23:58,1.49072
8/16/18 23:58,1.49632
8/17/18 23:58,1.4934
8/18/18 23:58,1.49441
8/19/18 23:58,1.49368
8/20/18 23:58,1.49854
8/21/18 23:58,1.50864
8/22/18 23:58,1.50681
8/23/18 23:58,1.51184
8/24/18 23:58,1.5132
8/25/18 23:58,1.51421
8/26/18 23:58,1.51529
8/27/18 23:58,1.51447
8/28/18 23:58,1.5115
8/29/18 23:58,1.51095
8/30/18 23:58,1.51466
8/31/18 23:58,1.5121
9/1/18 23:58,1.5121
9/2/18 23:58,1.51495
9/3/18 23:58,1.52096
9/4/18 23:58,1.526
9/5/18 23:58,1.53236
9/6/18 23:58,1.52853
9/7/18 23:58,1.5201
9/8/18 23:58,1.5201
9/9/18 23:58,1.52264
9/10/18 23:58,1.5254
9/11/18 23:58,1.51465
9/12/18 23:58,1.51157
9/13/18 23:58,1.52049
9/14/18 23:58,1.5151
9/15/18 23:58,1.516093
9/16/18 23:58,1.51636
9/17/18 23:58,1.52434
9/18/18 23:58,1.51493
9/19/18 23:58,1.50805
9/20/18 23:58,1.52004
9/21/18 23:58,1.5175
9/22/18 23:58,1.5172
9/23/18 23:58,1.5169
9/24/18 23:58,1.5218
9/25/18 23:58,1.52406
9/26/18 23:58,1.53139
9/27/18 23:58,1.51698
9/28/18 23:58,1.4975
9/29/18 23:58,1.498508
9/30/18 23:58,1.49019
10/1/18 23:58,1.4829
10/2/18 23:58,1.4803
10/3/18 23:58,1.47796
10/4/18 23:58,1.48805
10/5/18 23:58,1.4904
10/6/18 23:58,1.4908
10/7/18 23:58,1.49189
10/8/18 23:58,1.4887
10/9/18 23:58,1.48848
10/10/18 23:58,1.50501
10/11/18 23:58,1.51023
10/12/18 23:58,1.505
10/13/18 23:58,1.506001
10/14/18 23:58,1.5043
10/15/18 23:58,1.50496
10/16/18 23:58,1.4972
10/17/18 23:58,1.49783
10/18/18 23:58,1.49797
10/19/18 23:58,1.5075
10/20/18 23:58,1.5085
10/21/18 23:58,1.5077
10/22/18 23:58,1.5012
10/23/18 23:58,1.50042
10/24/18 23:58,1.48715
10/25/18 23:58,1.4862
10/26/18 23:58,1.4939
10/27/18 23:58,1.4939
10/28/18 23:58,1.49261
10/29/18 23:58,1.49346
10/30/18 23:58,1.4875
10/31/18 23:58,1.48887
11/1/18 23:58,1.4921
11/2/18 23:58,1.4914
11/3/18 23:58,1.492403
11/4/18 23:58,1.49307
11/5/18 23:58,1.4953
11/6/18 23:58,1.50017
11/7/18 23:58,1.4992
11/8/18 23:58,1.49404
11/9/18 23:58,1.4972
11/10/18 23:58,1.4972
11/11/18 23:58,1.49391
11/12/18 23:58,1.4859
11/13/18 23:58,1.4952
11/14/18 23:58,1.49838
11/15/18 23:58,1.49168
11/16/18 23:58,1.5008
11/17/18 23:58,1.5013
11/18/18 23:58,1.50045
11/19/18 23:58,1.50869
11/20/18 23:58,1.51306
11/21/18 23:58,1.50631
11/22/18 23:58,1.50403
11/23/18 23:58,1.5003
11/24/18 23:58,1.5005
11/25/18 23:58,1.49943
11/26/18 23:58,1.502
11/27/18 23:58,1.5021
11/28/18 23:58,1.5089
11/29/18 23:58,1.51224
11/30/18 23:58,1.5042
12/1/18 23:58,1.5041
12/2/18 23:58,1.503
12/3/18 23:58,1.49853
12/4/18 23:58,1.50356
12/5/18 23:58,1.51631
12/6/18 23:58,1.5232
12/7/18 23:58,1.5154
12/8/18 23:58,1.516392
12/9/18 23:58,1.51931
12/10/18 23:58,1.5209
12/11/18 23:58,1.5145
12/12/18 23:58,1.51811
12/13/18 23:58,1.51687
12/14/18 23:58,1.5123
12/15/18 23:58,1.513294
12/16/18 23:58,1.51349
12/17/18 23:58,1.52218
12/18/18 23:58,1.53077
12/19/18 23:58,1.53422
12/20/18 23:58,1.54618
12/21/18 23:58,1.5463
12/22/18 23:58,1.5463
12/23/18 23:58,1.54621
12/24/18 23:58,1.551
12/25/18 23:58,1.55059
12/26/18 23:58,1.54187
12/27/18 23:58,1.55658
12/28/18 23:58,1.5599
12/29/18 23:58,1.56089
12/30/18 23:58,1.55856
12/31/18 23:58,1.5643
1/1/19 23:58,1.5612
1/2/19 23:58,1.54262
1/3/19 23:58,1.53525
1/4/19 23:58,1.5234
1/5/19 23:58,1.5234
1/6/19 23:58,1.52542
1/7/19 23:58,1.52631
1/8/19 23:58,1.51772
1/9/19 23:58,1.52634
1/10/19 23:58,1.52342
1/11/19 23:58,1.5212
1/12/19 23:58,1.5212
1/13/19 23:58,1.52038
1/14/19 23:58,1.52318
1/15/19 23:58,1.51341
1/16/19 23:58,1.51101
1/17/19 23:58,1.51281
1/18/19 23:58,1.5061
1/19/19 23:58,1.50709
1/20/19 23:58,1.50887
1/21/19 23:58,1.5114
1/22/19 23:58,1.5175
1/23/19 23:58,1.5184
1/24/19 23:58,1.51008
1/25/19 23:58,1.5069
1/26/19 23:58,1.5072
1/27/19 23:58,1.50892
1/28/19 23:58,1.51555
1/29/19 23:58,1.517
1/30/19 23:58,1.5089
1/31/19 23:58,1.50255
2/1/19 23:58,1.4991
2/2/19 23:58,1.500105
2/3/19 23:58,1.5
2/4/19 23:58,1.49993
2/5/19 23:58,1.49749
2/6/19 23:58,1.50156
2/7/19 23:58,1.50913
2/8/19 23:58,1.5042
2/9/19 23:58,1.5032
2/10/19 23:58,1.50323
2/11/19 23:58,1.50032
2/12/19 23:58,1.49927
2/13/19 23:58,1.49354
2/14/19 23:58,1.5014
2/15/19 23:58,1.4953
2/16/19 23:58,1.4953
2/17/19 23:58,1.4952
2/18/19 23:58,1.49703
2/19/19 23:58,1.4976
2/20/19 23:58,1.49434
2/21/19 23:58,1.49971
2/22/19 23:58,1.4888
2/23/19 23:58,1.4885
2/24/19 23:58,1.4893
2/25/19 23:58,1.49843
2/26/19 23:58,1.49931
2/27/19 23:58,1.49582
2/28/19 23:58,1.49719
3/1/19 23:58,1.5107
3/2/19 23:58,1.5105
3/3/19 23:58,1.51118
3/4/19 23:58,1.509395
3/5/19 23:58,1.51011
3/6/19 23:58,1.5209
3/7/19 23:58,1.505595
3/8/19 23:58,1.50569
3/9/19 23:58,1.5079
3/10/19 23:58,1.50734
3/11/19 23:58,1.5078
3/12/19 23:58,1.5081
3/13/19 23:58,1.506175
3/14/19 23:58,1.50659
3/15/19 23:58,1.510275
3/16/19 23:58,1.513984585
3/17/19 23:58,1.51126
3/18/19 23:58,1.5122
3/19/19 23:58,1.5123
3/20/19 23:58,1.5187
3/21/19 23:58,1.5208
3/22/19 23:58,1.5178
3/23/19 23:58,1.522212658
3/24/19 23:58,1.51678
3/25/19 23:58,1.51606
3/26/19 23:58,1.511625
3/27/19 23:58,1.509
3/28/19 23:58,1.508285
3/29/19 23:58,1.4995
3/30/19 23:58,1.4995
3/31/19 23:58,1.4982
4/1/19 23:58,1.4919
4/2/19 23:58,1.49492
4/3/19 23:58,1.500455
4/4/19 23:58,1.49998
4/5/19 23:58,1.5013
4/6/19 23:58,1.5013
4/7/19 23:58,1.5002
4/8/19 23:58,1.498605
4/9/19 23:58,1.501745
4/10/19 23:58,1.501835
4/11/19 23:58,1.506505
4/12/19 23:58,1.5048
4/13/19 23:58,1.5059
4/14/19 23:58,1.507095
4/15/19 23:58,1.51145
4/16/19 23:58,1.50758
4/17/19 23:58,1.508
4/18/19 23:58,1.503185
4/19/19 23:58,1.506
4/20/19 23:58,1.5061
4/21/19 23:58,1.50471
4/22/19 23:58,1.502505
4/23/19 23:58,1.50734
4/24/19 23:58,1.504995
4/25/19 23:58,1.5011
4/26/19 23:58,1.4997
4/27/19 23:58,1.5008
4/28/19 23:58,1.50088
4/29/19 23:58,1.505045
4/30/19 23:58,1.501715
5/1/19 23:58,1.5052
5/2/19 23:58,1.505005
5/3/19 23:58,1.503
5/4/19 23:58,1.5029
5/5/19 23:58,1.50701
5/6/19 23:58,1.506485
5/7/19 23:58,1.507375
5/8/19 23:58,1.508725
5/9/19 23:58,1.51071
5/10/19 23:58,1.5071
5/11/19 23:58,1.5071
5/12/19 23:58,1.510175
5/13/19 23:58,1.51403
5/14/19 23:58,1.508195
5/15/19 23:58,1.506455
5/16/19 23:58,1.504185
5/17/19 23:58,1.5015
5/18/19 23:58,1.5015
5/19/19 23:58,1.50154
5/20/19 23:58,1.4997
5/21/19 23:58,1.496465
5/22/19 23:58,1.49877
5/23/19 23:58,1.506925
5/24/19 23:58,1.5054
5/25/19 23:58,1.5058
5/26/19 23:58,1.506055
5/27/19 23:58,1.5041
5/28/19 23:58,1.50654
5/29/19 23:58,1.50502
5/30/19 23:58,1.50538
5/31/19 23:58,1.5094
6/1/19 23:58,1.5094
6/2/19 23:58,1.5106
6/3/19 23:58,1.5118
6/4/19 23:58,1.507065
6/5/19 23:58,1.50716
6/6/19 23:58,1.506175
6/7/19 23:58,1.5034
6/8/19 23:58,1.5034
6/9/19 23:58,1.502185
6/10/19 23:58,1.5013
6/11/19 23:58,1.5047
6/12/19 23:58,1.505895
6/13/19 23:58,1.503335
6/14/19 23:58,1.5033
6/15/19 23:58,1.5035
6/16/19 23:58,1.5043
6/17/19 23:58,1.505355
6/18/19 23:58,1.497635
6/19/19 23:58,1.491
6/20/19 23:58,1.489095
6/21/19 23:58,1.5039
6/22/19 23:58,1.5039
6/23/19 23:58,1.50289
6/24/19 23:58,1.503005
6/25/19 23:58,1.497985
6/26/19 23:58,1.492585
6/27/19 23:58,1.489055
6/28/19 23:58,1.4888
6/29/19 23:58,1.4888
6/30/19 23:58,1.487345
7/1/19 23:58,1.482635
7/2/19 23:58,1.479
7/3/19 23:58,1.473815
7/4/19 23:58,1.47266
7/5/19 23:58,1.4681
7/6/19 23:58,1.4681
7/7/19 23:58,1.468105
7/8/19 23:58,1.469505
7/9/19 23:58,1.47091
7/10/19 23:58,1.47188
7/11/19 23:58,1.470255
7/12/19 23:58,1.4682
7/13/19 23:58,1.4682
7/14/19 23:58,1.46914
7/15/19 23:58,1.46943
7/16/19 23:58,1.467265
7/17/19 23:58,1.4655
7/18/19 23:58,1.468045
7/19/19 23:58,1.4655
7/20/19 23:58,1.4655
7/21/19 23:58,1.4643
7/22/19 23:58,1.471165
7/23/19 23:58,1.465265
7/24/19 23:58,1.46426
7/25/19 23:58,1.4668
7/26/19 23:58,1.4651
7/27/19 23:58,1.4651
7/28/19 23:58,1.4658
7/29/19 23:58,1.46701
7/30/19 23:58,1.4669
7/31/19 23:58,1.460965
8/1/19 23:58,1.46405
8/2/19 23:58,1.4667
8/3/19 23:58,1.4667
8/4/19 23:58,1.466635
8/5/19 23:58,1.485765
8/6/19 23:58,1.48818
8/7/19 23:58,1.491245
8/8/19 23:58,1.47989
8/9/19 23:58,1.4806
8/10/19 23:58,1.4807
8/11/19 23:58,1.4813
8/12/19 23:58,1.484675
8/13/19 23:58,1.4768
8/14/19 23:58,1.4832
8/15/19 23:58,1.479675
8/16/19 23:58,1.4713
8/17/19 23:58,1.4713
8/18/19 23:58,1.47165
8/19/19 23:58,1.4771
8/20/19 23:58,1.478
8/21/19 23:58,1.473785
8/22/19 23:58,1.473695
8/23/19 23:58,1.4801