Date,Open,High,Low,Close,Volume
1/3/2017 16:00:00,58.22,58.4,56.6,57.65,83632
1/4/2017 16:00:00,57.96,59.02,57.15,58.86,84716
1/5/2017 16:00:00,58.8,63.43,58.5,63.16,268340
1/6/2017 16:00:00,62.98,63.05,60.34,62.03,198457
1/9/2017 16:00:00,62.12,62.86,61.75,62.54,79175
1/10/2017 16:00:00,62.44,64.74,62.28,63.34,131031
1/11/2017 16:00:00,63.75,64.47,62.56,63.74,144239
1/12/2017 16:00:00,64,64,62.56,63.83,79687
1/13/2017 16:00:00,63.9,64.88,63.02,63.14,114854
1/16/2017 16:00:00,63.82,64,63.3,64,30407
1/17/2017 16:00:00,64.37,64.97,63,64.61,144473
1/18/2017 16:00:00,64.99,66.31,64.22,66.17,155674
1/19/2017 16:00:00,66.69,68.21,66.28,67.47,175538
1/20/2017 16:00:00,67.96,68.58,66.5,66.71,167717
1/23/2017 16:00:00,67,67.13,65.38,65.53,159111
1/24/2017 16:00:00,66.22,66.22,64.5,65.23,159356
1/25/2017 16:00:00,65.89,67.94,65.68,67.04,114903
1/26/2017 16:00:00,68,68,66.31,66.8,107224
1/27/2017 16:00:00,66.86,67.8,66.86,67.7,107679
1/30/2017 16:00:00,67.97,67.97,65.47,66.4,143435
1/31/2017 16:00:00,65.98,66.13,65.31,66.04,66254
2/1/2017 16:00:00,67.23,67.5,66.2,66.7,65640
2/2/2017 16:00:00,66.54,68.5,66.5,68.22,152034
2/3/2017 16:00:00,68.5,68.5,66.86,67.89,99538
2/6/2017 16:00:00,68.3,69,67.27,68.93,74166
2/7/2017 16:00:00,69.46,70.6,69.33,69.89,136605
2/8/2017 16:00:00,70.57,70.57,69.42,70.24,118762
2/9/2017 16:00:00,70.64,72.25,70.45,71.69,138828
2/10/2017 16:00:00,72.41,73.5,71.84,72.24,176438
2/13/2017 16:00:00,73.3,74.9,72.37,73.22,204057
2/14/2017 16:00:00,73.59,73.59,72.28,73.24,167616
2/15/2017 16:00:00,72.91,80.41,71.23,79.22,587733
2/16/2017 16:00:00,80,81.4,77.78,79.71,292342
2/17/2017 16:00:00,80,80.79,78.68,80.66,166454
2/21/2017 16:00:00,82,84.05,81.44,82.89,254373
2/22/2017 16:00:00,83.1,84.09,81.41,83.81,215766
2/23/2017 16:00:00,84.29,84.29,81.09,82.25,224081
2/24/2017 16:00:00,81,81.39,79.48,81.17,264732
2/27/2017 16:00:00,81,81.12,78.43,78.84,234160
2/28/2017 16:00:00,78.49,80.66,78.47,78.87,214805
3/1/2017 16:00:00,79.99,80.12,78.8,79.55,174675
3/2/2017 16:00:00,80.01,81.15,79.5,80.08,143429
3/3/2017 16:00:00,80.23,80.99,79.29,80.65,127223
3/6/2017 16:00:00,80.63,80.63,78.62,79.55,100232
3/7/2017 16:00:00,79.54,81.33,79.42,80.76,123978
3/8/2017 16:00:00,81.35,82.81,80.83,82.17,177052
3/9/2017 16:00:00,82.5,84.47,81.96,84.2,158361
3/10/2017 16:00:00,85.38,86.5,84.2,86.35,202618
3/13/2017 16:00:00,87,87.69,86.01,87.36,172678
3/14/2017 16:00:00,87.28,87.32,85.6,86.05,210486
3/15/2017 16:00:00,86.22,86.56,84.86,86.39,210413
3/16/2017 16:00:00,86.77,86.99,85.98,86.99,101403
3/17/2017 16:00:00,87.46,89.82,86.92,89.14,167211
3/20/2017 16:00:00,89.98,92,89.55,92,189759
3/21/2017 16:00:00,92.58,95,89.08,90,464533
3/22/2017 16:00:00,89.58,90.34,86.73,88.91,229097
3/23/2017 16:00:00,89.35,91.06,89.04,90.3,202752
3/24/2017 16:00:00,91.06,93.68,90.62,92.3,171805
3/27/2017 16:00:00,91.24,94.53,90.1,94.46,240248
3/28/2017 16:00:00,94.62,97.5,94.46,96.74,303499
3/29/2017 16:00:00,97.68,97.68,94.8,97,222026
3/30/2017 16:00:00,96.71,96.87,91.35,92.32,457594
3/31/2017 16:00:00,90.41,92.32,89.23,90.71,352506
4/3/2017 16:00:00,90.92,92.79,90,92.79,195469
4/4/2017 16:00:00,93.01,94,91.48,91.85,201154
4/5/2017 16:00:00,92.22,93.3,90.93,91.4,180027
4/6/2017 16:00:00,91.49,92.42,91.07,91.8,125563
4/7/2017 16:00:00,91.6,92.37,91.38,92.34,82892
4/10/2017 16:00:00,92.25,93.5,91.8,92.29,127014
4/11/2017 16:00:00,92.09,92.98,90.05,91.91,169455
4/12/2017 16:00:00,92.31,93.04,91.72,91.88,132606
4/13/2017 16:00:00,91.99,95.32,91.45,94.25,242020
4/17/2017 16:00:00,95.09,95.95,94.1,95.5,140852
4/18/2017 16:00:00,95.69,96.49,94.73,95.81,148659
4/19/2017 16:00:00,96.3,98.92,96.29,97.79,282021
4/20/2017 16:00:00,99.14,102.75,98.86,102.71,347043
4/21/2017 16:00:00,105.25,105.25,101.35,103.17,285688
4/24/2017 16:00:00,105,105.24,101.63,102.56,243029
4/25/2017 16:00:00,103.68,104.15,101.34,103.9,225375
4/26/2017 16:00:00,101.97,102,98.42,101.05,451709
4/27/2017 16:00:00,99.71,101.41,96.73,99.76,281378
4/28/2017 16:00:00,100.24,103.84,99.98,103.72,246257
5/1/2017 16:00:00,103.43,106.34,102.22,106.07,378596
5/2/2017 16:00:00,110.87,115.64,106.5,113.94,801736
5/3/2017 16:00:00,112.3,114.61,110.67,112.19,388497
5/4/2017 16:00:00,113.48,113.59,111.33,111.82,322354
5/5/2017 16:00:00,112.45,117.57,112.45,116.83,301785
5/8/2017 16:00:00,118.62,119.2,117.5,118.81,283565
5/9/2017 16:00:00,119.99,125.13,119.22,122.63,330844
5/10/2017 16:00:00,122.74,127.72,122.65,127.15,397952
5/11/2017 16:00:00,128.7,128.7,121.99,125.81,428058
5/12/2017 16:00:00,125.72,130.27,124.73,128.14,292240
5/15/2017 16:00:00,128.89,130.85,127.54,128.97,322341
5/16/2017 16:00:00,129.28,130.42,126.1,128.9,537756
5/17/2017 16:00:00,126.54,127,122,122.55,560715
5/18/2017 16:00:00,114.37,126.67,110.14,125.32,906262
5/19/2017 16:00:00,123.83,124.83,118.49,120.33,687848
5/23/2017 16:00:00,122.78,122.87,121.05,122.12,467373
5/24/2017 16:00:00,122.31,123.28,121.26,122.3,228653
5/25/2017 16:00:00,122.7,123.39,120.25,121.67,296413
5/26/2017 16:00:00,121.73,122.53,121.07,122.29,284317
5/29/2017 16:00:00,122.94,124.65,122.74,124.2,166844
5/30/2017 16:00:00,123.18,125.75,120.82,121.91,500901
5/31/2017 16:00:00,122.59,124.72,120.22,124.72,4700848
6/1/2017 16:00:00,124.79,126.62,122.16,126.12,649713
6/2/2017 16:00:00,126.94,132.07,126.34,131.9,674941
6/5/2017 16:00:00,132.95,134,129.59,131.77,416747
6/6/2017 16:00:00,130.54,134.2,129.73,132.87,389358
6/7/2017 16:00:00,133.49,133.88,130.45,131.21,376589
6/8/2017 16:00:00,131.93,133.54,129.03,133.54,334643
6/9/2017 16:00:00,133.35,135.42,120.55,122.8,932634
6/12/2017 16:00:00,121,121.46,111,118.57,1008277
6/13/2017 16:00:00,115.62,119.81,111.76,114.95,827800
6/14/2017 16:00:00,114.95,116.33,112.04,113.02,511527
6/15/2017 16:00:00,108.83,113.57,108.18,113.57,759560
6/16/2017 16:00:00,115.3,116.88,113.44,114.92,3898574
6/19/2017 16:00:00,117.12,120.04,116.07,119.9,588229
6/20/2017 16:00:00,120.99,121.85,117.61,118.05,406471
6/21/2017 16:00:00,118.99,122.25,118.66,121.75,596226
6/22/2017 16:00:00,121.16,122,119.4,121.15,262346
6/23/2017 16:00:00,121.32,126.26,120.7,125.36,325384
6/26/2017 16:00:00,126,128.12,119.6,122.22,504097
6/27/2017 16:00:00,120.64,121.47,114.22,114.37,521078
6/28/2017 16:00:00,114.95,116.71,111.99,116.63,398498
6/29/2017 16:00:00,116.01,116.01,108.34,112.58,471401
6/30/2017 16:00:00,111.5,114.29,110.99,112.6,432014
7/4/2017 16:00:00,112.97,113.28,109.39,110.01,118293
7/5/2017 16:00:00,110.99,116.2,110.99,114.76,419797
7/6/2017 16:00:00,112.49,113.64,111.23,111.81,245298
7/7/2017 16:00:00,112.17,114.9,112.13,114.75,208595
7/10/2017 16:00:00,114.99,117.89,113.89,117.46,312676
7/11/2017 16:00:00,117.46,119.55,116.47,118.14,224746
7/12/2017 16:00:00,119.84,121.14,119,120.61,265635
7/13/2017 16:00:00,122.36,123.5,117.78,118.52,296747
7/14/2017 16:00:00,119.55,119.55,116.47,116.8,167301
7/17/2017 16:00:00,116.51,117.99,113.65,115.03,203193
7/18/2017 16:00:00,114.28,118.6,113.6,117.58,192937
7/19/2017 16:00:00,117.85,118.92,114.96,115.97,199347
7/20/2017 16:00:00,116.79,116.95,113.58,114.28,231479
7/21/2017 16:00:00,113.31,114.47,111.99,112.11,210618
7/24/2017 16:00:00,112,117.04,111.97,116.91,264433
7/25/2017 16:00:00,117.05,117.17,113.58,115.11,297072
7/26/2017 16:00:00,116.24,118.88,116.2,117,276672
7/27/2017 16:00:00,117.83,119.23,111.11,113.81,643332
7/28/2017 16:00:00,111.73,116.17,110.05,115.66,329877
7/31/2017 16:00:00,116.99,117.95,114.18,114.89,479986
8/1/2017 16:00:00,128.36,132,123.25,130.61,1153460
8/2/2017 16:00:00,131,131.49,122.23,123.72,811032
8/3/2017 16:00:00,125.77,125.77,121.46,122.28,409564
8/4/2017 16:00:00,122.52,124.24,121.5,121.81,273760
8/8/2017 16:00:00,124.38,125.3,121.55,122.23,357938
8/9/2017 16:00:00,120.8,122.6,119.85,120.97,374500
8/10/2017 16:00:00,119.61,119.75,112.25,112.57,713379
8/11/2017 16:00:00,112.01,117.9,112.01,116.39,425214
8/14/2017 16:00:00,118.91,121.16,118.66,119.59,351904
8/15/2017 16:00:00,120.46,120.53,118.22,118.69,262434
8/16/2017 16:00:00,119.29,120.43,118.28,119.43,277177
8/17/2017 16:00:00,119.48,121.07,118.49,118.55,595700
8/18/2017 16:00:00,118.05,119.6,117.17,119.12,268128
8/21/2017 16:00:00,119.12,121.26,119.12,121.15,390566
8/22/2017 16:00:00,121.69,124.25,121.1,123.88,315190
8/23/2017 16:00:00,123.12,128.98,122.68,128.59,492453
8/24/2017 16:00:00,128.95,133.95,128.72,133.5,683840
8/25/2017 16:00:00,134,134,128.18,129.45,412865
8/28/2017 16:00:00,129.28,130.88,126.66,129.75,281260
8/29/2017 16:00:00,127.3,131.5,126.78,130.69,339413
8/30/2017 16:00:00,131.81,137.27,131.72,136.82,499455
8/31/2017 16:00:00,137.41,139.41,135.85,138,650623
9/1/2017 16:00:00,138.75,138.75,136.13,137.3,287295
9/5/2017 16:00:00,136.77,138.48,133.74,137.1,387024
9/6/2017 16:00:00,137.98,138.9,133,134.57,428656
9/7/2017 16:00:00,134.01,137.71,133.95,137.5,300668
9/8/2017 16:00:00,137.53,139.35,136.41,138.03,284640
9/11/2017 16:00:00,140,143.69,139.57,143.01,394694
9/12/2017 16:00:00,144.64,147.22,142.14,146.69,468258
9/13/2017 16:00:00,146.91,149.4,143.83,145.25,475956
9/14/2017 16:00:00,145.01,147.5,142.4,146.43,300996
9/15/2017 16:00:00,146.24,147.71,145.43,146.21,345376
9/18/2017 16:00:00,147.23,151.75,147.23,150.6,335865
9/19/2017 16:00:00,151.85,151.88,150.01,150.75,295447
9/20/2017 16:00:00,150.95,151.36,145.5,146.97,434247
9/21/2017 16:00:00,146.94,148.9,143.57,148.18,347536
9/22/2017 16:00:00,147.99,149.49,145.96,148.45,261063
9/25/2017 16:00:00,147.6,147.75,140.22,141.64,499997
9/26/2017 16:00:00,143.14,145.5,138.57,140.06,413569
9/27/2017 16:00:00,141.86,147.86,141.23,146.48,506700
9/28/2017 16:00:00,146.42,146.93,143.4,144.87,297038
9/29/2017 16:00:00,145.69,146.95,144,145.12,347690
10/2/2017 16:00:00,146.12,149.66,146.1,148.83,262496
10/3/2017 16:00:00,149.95,150.9,145.31,145.7,403142
10/4/2017 16:00:00,145.82,145.88,125.8,128.95,2498614
10/5/2017 16:00:00,121.64,129.66,117,126.19,1947570
10/6/2017 16:00:00,123.05,125.96,119.98,122.92,1183379
10/10/2017 16:00:00,121.33,123.67,111.68,115.76,1989003
10/11/2017 16:00:00,114.65,120.82,114.65,118.4,1354476
10/12/2017 16:00:00,120.1,121.5,117.31,117.48,559770
10/13/2017 16:00:00,117.27,118.78,116.98,117.76,313693
10/16/2017 16:00:00,118.25,121.76,117.01,121.37,421584
10/17/2017 16:00:00,121.89,122.32,119.78,120.57,338774
10/18/2017 16:00:00,120.66,124.34,120.06,123.3,348855
10/19/2017 16:00:00,122.53,122.95,120.2,122.71,432581
10/20/2017 16:00:00,124.7,129.31,124.07,129.03,451938
10/23/2017 16:00:00,130.5,131.69,128.2,130.15,490391
10/24/2017 16:00:00,130.16,136.36,130.16,135.13,591972
10/25/2017 16:00:00,136.14,137.51,129.02,131.99,846636
10/26/2017 16:00:00,132.44,135.31,131.69,133.88,445996
10/27/2017 16:00:00,137.91,139.03,135.82,137.59,654174
10/30/2017 16:00:00,139.65,140.28,135.02,140.22,602929
10/31/2017 16:00:00,131.33,135,121.89,128.26,1332803
11/1/2017 16:00:00,128.78,129.66,122.35,123.68,831649
11/2/2017 16:00:00,122.5,129.07,122.25,128.05,584342
11/3/2017 16:00:00,128.61,129.73,125.79,126.06,344920
11/6/2017 16:00:00,127.6,128.75,126.1,126.98,231737
11/7/2017 16:00:00,127.5,128.53,125.8,127.48,241734
11/8/2017 16:00:00,126.59,127.3,125.6,126.52,261662
11/9/2017 16:00:00,124.88,125.15,121.27,123.09,456469
11/10/2017 16:00:00,122.58,127.84,122.45,126.97,475403
11/13/2017 16:00:00,125.46,126.16,124.47,125.68,228895
11/14/2017 16:00:00,123.75,127.31,123.75,125.97,277435
11/15/2017 16:00:00,124.27,127.06,124.27,125.01,246521
11/16/2017 16:00:00,126.05,133.55,125.92,132.51,604782
11/17/2017 16:00:00,132.62,135.25,132.43,133.82,331094
11/20/2017 16:00:00,134.41,139.48,134,139,389820
11/21/2017 16:00:00,140.65,143.36,140.06,140.85,468547
11/22/2017 16:00:00,140.85,142.15,137.11,140.3,265452
11/23/2017 16:00:00,140.31,141.88,140.31,141.14,73999
11/24/2017 16:00:00,141.51,143.01,140.94,142.2,184658
11/27/2017 16:00:00,145.37,148.97,144.05,144.69,444455
11/28/2017 16:00:00,146.11,146.11,141.6,143.49,349821
11/29/2017 16:00:00,143.02,143.44,129.61,133.4,814867
11/30/2017 16:00:00,136.01,136.04,133.11,135.16,563018
12/1/2017 16:00:00,133.17,133.5,127.25,130.84,448066
12/4/2017 16:00:00,133.74,133.74,122.44,122.64,659320
12/5/2017 16:00:00,121.26,124.93,117.11,120.95,494446
12/6/2017 16:00:00,120,122.65,119.75,122.37,552039
12/7/2017 16:00:00,123.62,128.44,123.47,128.28,405251
12/8/2017 16:00:00,131.09,132.24,128.63,129.5,382402
12/11/2017 16:00:00,130.04,135.02,130.04,133.8,393454
12/12/2017 16:00:00,133.31,133.7,129.49,130.48,321542
12/13/2017 16:00:00,131.33,133.8,130.91,132.39,239129
12/14/2017 16:00:00,132.77,134.38,131,131.59,178269
12/15/2017 16:00:00,132.29,136.85,131.69,135.2,534414
12/18/2017 16:00:00,137,138.96,136.93,138.33,280723
12/19/2017 16:00:00,138.25,138.58,136,136,227171
12/20/2017 16:00:00,136.7,137.18,133.2,134.99,203938
12/21/2017 16:00:00,135.39,135.71,133.16,133.47,168627
12/22/2017 16:00:00,133.3,133.3,130.63,131.99,142344
12/27/2017 16:00:00,132.35,132.94,130.63,132.2,156041
12/28/2017 16:00:00,132.6,132.6,127.75,128.62,213366
12/29/2017 16:00:00,128.59,128.72,126.06,127.11,228201
1/2/2018 16:00:00,127.32,132.23,126.65,132.06,250963
1/3/2018 16:00:00,133.27,135.57,133.12,135.15,400215
1/4/2018 16:00:00,135.96,137.74,134.3,137.46,409837
1/5/2018 16:00:00,137.47,138.64,135,137.26,308634
1/8/2018 16:00:00,137.13,139.93,136.78,139.51,182512
1/9/2018 16:00:00,139.9,141.56,136.76,137.94,197888
1/10/2018 16:00:00,136.99,139.53,136.27,139.29,209665
1/11/2018 16:00:00,139.26,139.97,138.5,139.14,141324
1/12/2018 16:00:00,139.25,143.1,138.97,140.76,255962
1/15/2018 16:00:00,140.01,143.1,140.01,142.8,150457
1/16/2018 16:00:00,142.88,142.88,138.39,139.13,416336
1/17/2018 16:00:00,139.1,143.62,138.15,142.72,341499
1/18/2018 16:00:00,142.01,145.38,142.01,142.55,292242
1/19/2018 16:00:00,143.03,144.47,142.5,144.47,220427
1/22/2018 16:00:00,143.51,149.1,143.51,148.87,220628
1/23/2018 16:00:00,149.64,149.67,144.79,147.31,227804
1/24/2018 16:00:00,147.9,150.48,146.15,147.52,248148
1/25/2018 16:00:00,148.46,155.6,148.17,154.3,409265
1/26/2018 16:00:00,156,160.69,153.17,159.07,346936
1/29/2018 16:00:00,159.99,160.31,154.62,156.87,283152
1/30/2018 16:00:00,150.5,155.03,147.01,153.01,488181
1/31/2018 16:00:00,154.74,158.08,154.21,157.04,342316
2/1/2018 16:00:00,155.98,160.97,154.28,154.9,311114
2/2/2018 16:00:00,154.65,159.28,152.75,155.45,575061
2/5/2018 16:00:00,150.33,158.75,148.52,149.12,654341
2/6/2018 16:00:00,143.79,153.57,140.7,152.66,868616
2/7/2018 16:00:00,154.22,160.3,152.25,154.94,462098
2/8/2018 16:00:00,155.4,159.78,149.43,149.5,570938
2/9/2018 16:00:00,151.26,156.13,144.09,150.38,901211
2/12/2018 16:00:00,155.27,162.39,154,161.05,687244
2/13/2018 16:00:00,161.25,164.41,157.75,158.72,515077
2/14/2018 16:00:00,158,173.16,157.98,171.49,814559
2/15/2018 16:00:00,168.51,175.99,163.12,171.91,895010
2/16/2018 16:00:00,170.66,174,168.5,172.6,575343
2/20/2018 16:00:00,172.49,184.35,172.45,180.68,601412
2/21/2018 16:00:00,173.59,173.98,168.59,168.64,865995
2/22/2018 16:00:00,170.23,173.7,169.34,170.52,524317
2/23/2018 16:00:00,172.48,173.45,168.98,173.28,338176
2/26/2018 16:00:00,174.99,175.57,171.44,172.55,351422
2/27/2018 16:00:00,173.15,177.77,172.61,176.11,410373
2/28/2018 16:00:00,177.51,179.7,177.14,177.5,641118
3/1/2018 16:00:00,176.69,178.22,171.36,175.62,498273
3/2/2018 16:00:00,173.57,177.23,173.16,176.42,490665
3/5/2018 16:00:00,175.8,181.62,174.07,180.8,379183
3/6/2018 16:00:00,181.31,184.92,180.5,182.52,312126
3/7/2018 16:00:00,180.26,186.63,179.7,185,422143
3/8/2018 16:00:00,186.87,191.28,186.74,189.86,437340
3/9/2018 16:00:00,192.78,192.86,189.6,191.43,346833
3/12/2018 16:00:00,192.5,192.9,189.15,190.1,245497
3/13/2018 16:00:00,190.55,191.85,187.35,188.6,297400
3/14/2018 16:00:00,188.93,191.99,186.11,189.29,243362
3/15/2018 16:00:00,191.33,194.34,190.66,192.86,296664
3/16/2018 16:00:00,192.86,193.61,190.47,192.53,333532
3/19/2018 16:00:00,191.43,193.89,187.25,190.36,343425
3/20/2018 16:00:00,190.25,202.45,189.75,200.28,628147
3/21/2018 16:00:00,199.52,199.68,192.1,193,457800
3/22/2018 16:00:00,190,197.1,187.91,188,390839
3/23/2018 16:00:00,187.98,190.19,181.94,182.65,357197
3/26/2018 16:00:00,187.01,190.75,168.62,176.01,539404
3/27/2018 16:00:00,174.93,179.03,164.1,165.65,449905
3/28/2018 16:00:00,162.91,164.74,156,157,524492
3/29/2018 16:00:00,156,162.64,153.04,160.32,533406
4/2/2018 16:00:00,161.42,164.31,155.62,157.66,295249
4/3/2018 16:00:00,158.66,161.01,150.95,152.72,286491
4/4/2018 16:00:00,145.99,154.88,145.15,154.05,301912
4/5/2018 16:00:00,157.8,160.75,152.73,153.46,341869
4/6/2018 16:00:00,151.94,153.65,148.29,149.81,169076
4/9/2018 16:00:00,151.06,157.09,151,151.18,322436
4/10/2018 16:00:00,154.99,155.63,150.11,154.65,319127
4/11/2018 16:00:00,154.32,156.04,150.05,150.05,219412
4/12/2018 16:00:00,151.91,152.99,150.25,151.98,162772
4/13/2018 16:00:00,153.04,153.56,146.85,148,242661
4/16/2018 16:00:00,148.27,148.27,143.01,146.78,193439
4/17/2018 16:00:00,147.84,159.75,147.84,158.04,373942
4/18/2018 16:00:00,159.76,162.05,155.29,161.12,267469
4/19/2018 16:00:00,159.47,163.33,158.34,160.27,165756
4/20/2018 16:00:00,161.02,162.39,159.64,161.86,213018
4/23/2018 16:00:00,162.74,162.91,155.5,157.95,265786
4/24/2018 16:00:00,159.33,162.55,156,157.93,281306
4/25/2018 16:00:00,158.21,158.58,152.72,154.04,235624
4/26/2018 16:00:00,156.12,161.5,156.12,160.11,222145
4/27/2018 16:00:00,163,163.5,159.88,160.83,196520
4/30/2018 16:00:00,162.53,172.47,162.53,172.01,379519
5/1/2018 16:00:00,160.99,164.54,153.25,163.5,697828
5/2/2018 16:00:00,162.02,167.15,157.48,160.99,445447
5/3/2018 16:00:00,158.79,174.04,158.79,173.49,406049
5/4/2018 16:00:00,173.5,177.48,171,174.95,222704
5/7/2018 16:00:00,176.81,178.86,175.56,178.55,271453
5/8/2018 16:00:00,180,189.03,179.47,185.51,369737
5/9/2018 16:00:00,186.97,188.32,184.54,187.6,290517
5/10/2018 16:00:00,187.57,188.19,185.78,186.4,194457
5/11/2018 16:00:00,186.4,187.32,182.5,184.53,205886
5/14/2018 16:00:00,185.1,189.49,182.09,182.3,242517
5/15/2018 16:00:00,182,183.64,178.2,183.5,162000
5/16/2018 16:00:00,182.12,185.05,181.79,181.87,163088
5/17/2018 16:00:00,182,187.74,181.46,186.82,223434
5/18/2018 16:00:00,186.5,190.25,186.5,189.25,170257
5/22/2018 16:00:00,179.28,182.39,175.54,177.66,528239
5/23/2018 16:00:00,177,181.8,177,180.55,222829
5/24/2018 16:00:00,180.55,185.22,180.55,184.19,196394
5/25/2018 16:00:00,185.02,187.65,184.85,186,159137
5/28/2018 16:00:00,185.61,188.44,185.05,187.9,66424
5/29/2018 16:00:00,186.26,189.11,184.73,186.51,169923
5/30/2018 16:00:00,187.37,189.52,186.83,188.01,178525
5/31/2018 16:00:00,187.51,194.33,187.51,192.33,355256
6/1/2018 16:00:00,193.79,196.7,191.55,195.41,238277
6/4/2018 16:00:00,196.05,204.07,196.05,202.62,269479
6/5/2018 16:00:00,203.67,211.37,203.67,209.06,233761
6/6/2018 16:00:00,209.42,214.5,206.72,214.44,247415
6/7/2018 16:00:00,214.43,214.8,206.14,209.2,281421
6/8/2018 16:00:00,207.86,212.65,206,210.68,182699
6/11/2018 16:00:00,211.51,214.25,207.81,208.15,152494
6/12/2018 16:00:00,208.29,215.9,208.27,215.04,242720
6/13/2018 16:00:00,215,221.84,213.08,214.58,256072
6/14/2018 16:00:00,215.34,220.6,215.34,220.21,202545
6/15/2018 16:00:00,219.5,223.29,216.82,221.99,228142
6/18/2018 16:00:00,220.11,228.25,219.96,228.14,185008
6/19/2018 16:00:00,225.85,228.97,222.22,226.42,249302
6/20/2018 16:00:00,228.52,232.65,228.52,229.34,191506
6/21/2018 16:00:00,230.41,231.5,218.49,218.6,367420
6/22/2018 16:00:00,221.95,221.95,213.36,216.17,288061
6/25/2018 16:00:00,213.49,213.49,201,203.6,390698
6/26/2018 16:00:00,205.07,211.16,205.07,205.88,362699
6/27/2018 16:00:00,207.84,207.84,192.02,193.61,471631
6/28/2018 16:00:00,190,196.17,186.31,194.53,307392
6/29/2018 16:00:00,196.97,197.75,191.1,191.71,235444
7/3/2018 16:00:00,196.21,200,193.5,197.85,211567
7/4/2018 16:00:00,198.21,206,198.02,202.32,145393
7/5/2018 16:00:00,201.64,201.82,196.89,200.37,170584
7/6/2018 16:00:00,200.26,206.09,199.66,205.61,168482
7/9/2018 16:00:00,207.48,209.31,201.67,207.93,196504
7/10/2018 16:00:00,208.69,210.25,207.16,208.75,143709
7/11/2018 16:00:00,207.04,213.73,205.32,212.48,171643
7/12/2018 16:00:00,214.09,221.45,213.49,220.46,196618
7/13/2018 16:00:00,221,221.88,215.99,218.89,180111
7/16/2018 16:00:00,218.94,222.34,216.57,217.43,121663
7/17/2018 16:00:00,214.99,224.89,212.07,222.82,205645
7/18/2018 16:00:00,223.39,225.88,221.07,224.14,178833
7/19/2018 16:00:00,224.01,228.25,222.81,227.46,188033
7/20/2018 16:00:00,226.98,229.89,224.8,225.03,163872
7/23/2018 16:00:00,225.64,229.33,222.9,228.04,176771
7/24/2018 16:00:00,229.85,232.43,219.35,221.14,219247
7/25/2018 16:00:00,219.16,227.5,216.89,226.55,152805
7/26/2018 16:00:00,221.56,224.59,220.14,222.85,197893
7/27/2018 16:00:00,224.7,224.93,208.2,209.47,244058
7/30/2018 16:00:00,209,209.37,191.72,191.86,351373
7/31/2018 16:00:00,182,187,174.13,181.22,612502
8/1/2018 16:00:00,181.5,182.5,175.25,177.02,366516
8/2/2018 16:00:00,175,187.57,172.9,187.45,388968
8/3/2018 16:00:00,189.5,189.5,182.75,184.1,208348
8/7/2018 16:00:00,185.5,190.13,184.01,184.93,268710
8/8/2018 16:00:00,186.78,187.55,184,185.75,200587
8/9/2018 16:00:00,185.05,192.14,185.05,191,248858
8/10/2018 16:00:00,190.15,198.5,189,195.81,218532
8/13/2018 16:00:00,196.35,198.27,187.07,187.58,249487
8/14/2018 16:00:00,188.83,191.2,185.25,188.64,154736
8/15/2018 16:00:00,186.07,189.57,180.23,182.35,240984
8/16/2018 16:00:00,184.34,186.9,182.77,183.27,196262
8/17/2018 16:00:00,182.52,183.42,177.76,179.09,237444
8/20/2018 16:00:00,180,180.22,173.98,177.19,237546
8/21/2018 16:00:00,176.8,179.71,173.8,173.93,241435
8/22/2018 16:00:00,173,180.01,172.95,178.57,252932
8/23/2018 16:00:00,179.4,183.91,179.21,179.8,223701
8/24/2018 16:00:00,181.21,184.39,180.3,182.98,137079
8/27/2018 16:00:00,184.36,187.5,181.5,186.4,186287
8/28/2018 16:00:00,187.47,188.37,184.49,187.43,131932
8/29/2018 16:00:00,188.23,189.4,186.28,187.27,161407
8/30/2018 16:00:00,187.02,190.02,186.5,188.02,158157
8/31/2018 16:00:00,187.81,190.8,187.35,189.86,245679
9/4/2018 16:00:00,191.71,193.5,189.4,192.57,158473
9/5/2018 16:00:00,188.88,190.2,180.01,184.39,365251
9/6/2018 16:00:00,183.68,185.43,174.8,176.08,321631
9/7/2018 16:00:00,173.85,185.8,172.1,185.35,270336
9/10/2018 16:00:00,186.31,187.6,183.13,187.09,234808
9/11/2018 16:00:00,186.05,194.26,184.9,193.5,202284
9/12/2018 16:00:00,193.36,199.51,190.52,198.83,256921
9/13/2018 16:00:00,200,206,200,202.22,207851
9/14/2018 16:00:00,204,207,200.41,201.75,207114
9/17/2018 16:00:00,205.03,207.34,200.01,200.19,173764
9/18/2018 16:00:00,201.06,213,200.27,210.33,323742
9/19/2018 16:00:00,211.6,215.47,209.5,213.33,289551
9/20/2018 16:00:00,214.07,217.77,212.45,215.68,221188
9/21/2018 16:00:00,215.63,217.09,207.53,208.84,266835
9/24/2018 16:00:00,207.88,213.4,203.26,209.64,224168
9/25/2018 16:00:00,210.38,213.56,205.95,208.45,323543
9/26/2018 16:00:00,209.66,213.5,207.49,210.7,254510
9/27/2018 16:00:00,211.69,214.7,211.69,214.06,157060
9/28/2018 16:00:00,213.91,217.69,210.87,212.3,231695
10/1/2018 16:00:00,213.97,213.97,208.22,209.04,172732
10/2/2018 16:00:00,208.99,210.35,200,200.29,230130
10/3/2018 16:00:00,201.99,208.05,201.98,205.98,199692
10/4/2018 16:00:00,205.91,206.32,191.14,192.35,390809
10/5/2018 16:00:00,192.38,195.64,182.73,189.04,472585
10/9/2018 16:00:00,182.74,186.1,180.58,181.58,351913
10/10/2018 16:00:00,181.15,181.7,166.63,169.99,662486
10/11/2018 16:00:00,166.01,174.52,166,166.72,561258
10/12/2018 16:00:00,174.9,178,169.94,176.2,363778
10/15/2018 16:00:00,177.01,177.7,171.68,176.16,262380
10/16/2018 16:00:00,179.29,189.01,179.29,188.91,403433
10/17/2018 16:00:00,189.22,190,174.14,178.89,520423
10/18/2018 16:00:00,178.97,182.59,174.8,176.07,375126
10/19/2018 16:00:00,177.49,179.9,165.5,166.07,505210
10/22/2018 16:00:00,169.76,177.5,165,176.12,386030
10/23/2018 16:00:00,168.25,174.18,166.58,173.01,367075
10/24/2018 16:00:00,173.91,176.31,159.25,159.47,387810
10/25/2018 16:00:00,173.29,180.99,167,178.82,636226
10/26/2018 16:00:00,170.5,180.99,168.91,174.5,514653
10/29/2018 16:00:00,180.13,180.13,164.47,168.62,339907
10/30/2018 16:00:00,165.41,173.61,161.45,169.63,311839
10/31/2018 16:00:00,173.51,182.42,171.78,181.87,500393
11/1/2018 16:00:00,181.78,190,177.58,189.01,401175
11/2/2018 16:00:00,189.88,195,186.68,190.95,431957
11/5/2018 16:00:00,188,189.1,183.12,185.01,321337
11/6/2018 16:00:00,185.38,188.73,182.63,185.15,245612
11/7/2018 16:00:00,188.38,195.91,186.63,193.87,459903
11/8/2018 16:00:00,193.51,197.6,192.62,197.02,282627
11/9/2018 16:00:00,194,194,183.19,186.23,350693
11/12/2018 16:00:00,184.77,184.77,173.15,179.57,399942
11/13/2018 16:00:00,181.2,185.57,177.7,183.93,394588
11/14/2018 16:00:00,185.99,191.18,185,189,296728
11/15/2018 16:00:00,188.16,199.05,187.85,197.87,440777
11/16/2018 16:00:00,191.99,199,190.21,198.8,329782
11/19/2018 16:00:00,198.45,199.25,176.02,176.33,514116
11/20/2018 16:00:00,164.8,180.42,162,179.34,591654
11/21/2018 16:00:00,185,185.99,175.34,175.69,433921
11/22/2018 16:00:00,175.99,178.1,175.41,176.38,60647
11/23/2018 16:00:00,174.5,180.11,172.17,178.25,143645
11/26/2018 16:00:00,182.25,191.58,181.3,191.45,330223
11/27/2018 16:00:00,188.88,194.72,187.61,192.03,282111
11/28/2018 16:00:00,194.67,199.1,193.68,199,321398
11/29/2018 16:00:00,198.7,201.06,194.3,197.86,291531
11/30/2018 16:00:00,199.02,203.15,197.07,202.24,365850
12/3/2018 16:00:00,207.49,209.6,203.36,207.35,388433
12/4/2018 16:00:00,205.87,210.05,197.91,199.12,321887
12/5/2018 16:00:00,200.99,203,196.5,199.7,94341
12/6/2018 16:00:00,191.71,210,190.8,209.65,437888
12/7/2018 16:00:00,208.7,212.25,193.18,195.13,425300
12/10/2018 16:00:00,195.28,203.23,192.96,203.23,354638
12/11/2018 16:00:00,207.34,212.76,205.21,207.3,364193
12/12/2018 16:00:00,211.01,218.25,210.56,213.78,445825
12/13/2018 16:00:00,215.94,219.3,213.16,215.12,322361
12/14/2018 16:00:00,198.68,199.59,187.24,187.66,938899
12/17/2018 16:00:00,187.24,187.24,172.52,173.8,643867
12/18/2018 16:00:00,180,183.13,176.58,181.01,468950
12/19/2018 16:00:00,182.02,188.8,177.86,179.44,451595
12/20/2018 16:00:00,177,181.99,164.27,172.09,845565
12/21/2018 16:00:00,173.22,173.96,165.59,166.39,588559
12/24/2018 14:30:00,162.6,166.85,160.02,161.56,381252
12/27/2018 16:00:00,171.03,180.5,171,180.26,440135
12/28/2018 16:00:00,183.77,185.45,176.58,182.02,351144
12/31/2018 16:00:00,185,191.65,184.1,188.79,301294
1/2/2019 16:00:00,182.02,188.99,179.14,187.11,301619
1/3/2019 16:00:00,184.84,184.84,174.59,174.91,315696
1/4/2019 16:00:00,180,186.75,179.15,184.98,268375
1/7/2019 16:00:00,186.86,193.9,185.2,191.91,280448
1/8/2019 16:00:00,195,199.09,191.68,193.21,276355
1/9/2019 16:00:00,194.65,198.67,191,196.36,259798
1/10/2019 16:00:00,194.86,198.3,191.51,195.96,167895
1/11/2019 16:00:00,194.81,199.11,194.62,198.13,153081
1/14/2019 16:00:00,195.2,199,191.75,197.7,229633
1/15/2019 16:00:00,198.9,205.88,198.47,204.72,264690
1/16/2019 16:00:00,206.03,210.24,203.56,209.11,275748
1/17/2019 16:00:00,208.97,212.6,207.68,209.68,218971
1/18/2019 16:00:00,212.5,212.5,209.05,210.55,227862
1/21/2019 16:00:00,210.25,211.78,208.04,210.19,75030
1/22/2019 16:00:00,209.33,211.27,205.67,208.87,201559
1/23/2019 16:00:00,210.88,213.8,206.5,209.19,181361
1/24/2019 16:00:00,209.01,212.73,208.87,211.5,156830
1/25/2019 16:00:00,212.91,216.37,212.2,215.46,239174
1/28/2019 16:00:00,211.64,213.82,210.2,211.31,179931
1/29/2019 16:00:00,212.87,212.87,205.07,208.61,224604
1/30/2019 16:00:00,211.11,214.04,208.8,213.62,158752
1/31/2019 16:00:00,213.5,222.83,212.95,221.18,348123
2/1/2019 16:00:00,221.25,223.76,219.33,223.25,159086
2/4/2019 16:00:00,223.55,229.37,223.55,227.61,162584
2/5/2019 16:00:00,228.64,232.25,227.56,227.95,167961
2/6/2019 16:00:00,226.6,229.82,225.04,229.12,182619
2/7/2019 16:00:00,226.89,231,226.89,228.72,207143
2/8/2019 16:00:00,226.8,234.69,225.25,233.3,247981
2/11/2019 16:00:00,235,239.5,229.83,229.83,331573
2/12/2019 16:00:00,216.7,232.93,212.82,232.37,445503
2/13/2019 16:00:00,235.54,238.18,226.4,227.53,268912
2/14/2019 16:00:00,227,235.51,226.05,234.39,256703
2/15/2019 16:00:00,235.03,236.68,230.36,236.05,223146
2/19/2019 16:00:00,237.03,245.5,235.5,239.75,326150
2/20/2019 16:00:00,241.04,242.6,233.56,236.35,233163
2/21/2019 16:00:00,236.97,238.25,233.74,236.16,214292
2/22/2019 16:00:00,237.63,241.47,236.89,241.47,182962
2/25/2019 16:00:00,244.99,248.74,242.68,247.73,233607
2/26/2019 16:00:00,246.86,248.2,242.52,244.14,227205
2/27/2019 16:00:00,243.96,248.97,242.74,248.87,188078
2/28/2019 16:00:00,248.95,252,247.12,249.28,295398
3/1/2019 16:00:00,252,256.35,250.33,254.71,237569
3/4/2019 16:00:00,255.55,259.39,243.17,248.21,326014
3/5/2019 16:00:00,248.21,252.68,245.98,250.92,210787
3/6/2019 16:00:00,251.8,252.9,247.54,251.95,244359
3/7/2019 16:00:00,251.05,255.3,248.41,251.93,203623
3/8/2019 16:00:00,245.13,254.74,243,254.36,327946
3/11/2019 16:00:00,256.9,269.35,256.68,268.46,590493
3/12/2019 16:00:00,268.46,272.61,264.24,270.52,447751
3/13/2019 16:00:00,272.5,275.5,269.94,273.38,452299
3/14/2019 16:00:00,272.99,279.38,271.21,277.29,468177
3/15/2019 16:00:00,278.65,279.57,271.74,273.42,5829405
3/18/2019 16:00:00,272.7,274.92,268.87,274.92,422203
3/19/2019 16:00:00,276.36,276.36,262.53,268.77,539662
3/20/2019 16:00:00,267.45,270.72,265,267.48,362294
3/21/2019 16:00:00,265.95,274.5,265.26,274,316480
3/22/2019 16:00:00,274.01,274.34,266.44,267.02,462093
3/25/2019 16:00:00,265.82,271.9,264,269.9,329553
3/26/2019 16:00:00,273.49,277.48,271.51,273.53,397185
3/27/2019 16:00:00,276.35,276.38,264,268.37,348136
3/28/2019 16:00:00,268.87,273.84,264.64,273.54,289358
3/29/2019 16:00:00,275.2,277.29,271.93,275.86,216615
4/1/2019 16:00:00,278.91,280.26,271.5,274.38,249847
4/2/2019 16:00:00,275.25,275.25,264.5,268.84,404848
4/3/2019 16:00:00,270.33,274.1,265.2,273.7,342645
4/4/2019 16:00:00,273.71,273.71,254.23,260.25,580039
4/5/2019 16:00:00,261.46,265,260.83,263.56,239159
4/8/2019 16:00:00,262.24,267.39,260.83,266.42,264575
4/9/2019 16:00:00,264.52,272.05,262.27,271.82,380413
4/10/2019 16:00:00,272.1,276.1,270.63,275.15,239552
4/11/2019 16:00:00,277.82,282.93,276.04,282.17,263703
4/12/2019 16:00:00,284.7,286.5,282.89,286.47,394567
4/15/2019 16:00:00,286.56,294.19,284.24,291.67,248573
4/16/2019 16:00:00,294.19,296.21,285.44,287.48,272577
4/17/2019 16:00:00,288.54,291.21,281.88,289.53,193563
4/18/2019 16:00:00,289.84,295.45,285.6,295.45,244013
4/22/2019 16:00:00,293.25,301.49,293.25,299.49,203640
4/23/2019 16:00:00,302.1,305.11,298.28,299.79,280854
4/24/2019 16:00:00,301.6,301.81,294.72,296.33,240165
4/25/2019 16:00:00,297.77,299.75,292.48,295.37,177320
4/26/2019 16:00:00,296.21,303.13,295.5,299.1,273017
4/29/2019 16:00:00,302.32,307.65,301.25,303.04,224937
4/30/2019 16:00:00,304,332.76,304,325.75,554233
5/1/2019 16:00:00,325.95,338.4,318.88,331,464898
5/2/2019 16:00:00,331.9,350.98,330.43,343.85,675755
5/3/2019 16:00:00,348.95,357.54,342.48,354.86,308621
5/6/2019 16:00:00,346.58,358.44,344.1,357.14,375507
5/7/2019 16:00:00,354,358.6,343.57,348.07,341731
5/8/2019 16:00:00,348,356,347,352.67,260633
5/9/2019 16:00:00,350,352.16,343.1,350.2,254273
5/10/2019 16:00:00,349.28,351.91,339.51,347.27,419415
5/13/2019 16:00:00,333.79,340.02,329.84,337.78,387077
5/14/2019 16:00:00,330.4,342.08,326.69,340.87,370422
5/15/2019 16:00:00,338.11,356.35,337.95,355.01,248719
5/16/2019 16:00:00,356.81,376,356.01,374.49,483662
5/17/2019 16:00:00,372.4,377,366.32,368.05,301759
5/21/2019 16:00:00,366.03,366.86,361.48,365.94,272996
5/22/2019 16:00:00,364.23,376.23,363.23,373.54,285457
5/23/2019 16:00:00,370,374.63,361.85,365.87,263456
5/24/2019 16:00:00,369.56,374.88,366.5,370.73,220909
5/27/2019 16:00:00,373,376.23,372.8,376.23,99574
5/28/2019 16:00:00,376.16,385.35,375,381.42,716708
5/29/2019 16:00:00,377.75,378.8,365.84,367.85,290906
5/30/2019 16:00:00,370.89,375,365.17,374.06,181578
5/31/2019 16:00:00,369.88,376.99,368.25,371.84,201458
6/3/2019 16:00:00,371.85,374.43,352.63,355.84,435094
6/4/2019 16:00:00,361.64,367.95,354.73,367.95,453762
6/5/2019 16:00:00,372.83,393,371.26,392.24,465188
6/6/2019 16:00:00,392.15,399.5,387.08,397.46,335299
6/7/2019 16:00:00,398.04,410.55,397.21,405.69,386242
6/10/2019 16:00:00,408.7,418.15,404.11,407.35,322997
6/11/2019 16:00:00,411.92,413.11,397.09,407.49,295044
6/12/2019 16:00:00,405.2,417,402.05,413.9,250739
6/13/2019 16:00:00,417.23,418.04,407.5,409.69,249838
6/14/2019 16:00:00,408.39,410.23,404,409.15,228937
6/17/2019 16:00:00,408.94,412.33,406.1,410.53,205952
6/18/2019 16:00:00,415.75,417.6,406.81,407.19,220148
6/19/2019 16:00:00,409.24,435.37,403.98,434.95,455952
6/20/2019 16:00:00,438.13,446.4,430.06,433.02,401821
6/21/2019 16:00:00,432.8,437.57,428.5,431.5,719366
6/24/2019 16:00:00,427.81,428.31,410.3,410.7,319409
6/25/2019 16:00:00,402.9,407.31,371.4,373.79,456363
6/26/2019 16:00:00,380,388.47,370.45,379.45,322235
6/27/2019 16:00:00,379.46,396.26,379.45,394.66,282707
6/28/2019 16:00:00,397.72,398.29,383.09,393.58,261256
7/2/2019 16:00:00,399.21,412.18,399.21,409.2,222505
7/3/2019 16:00:00,408.63,416.19,405.7,410.35,190966
7/4/2019 16:00:00,411.01,414.99,409.33,414.04,52542
7/5/2019 16:00:00,408.33,410.59,398.4,410.59,274109
7/8/2019 16:00:00,409.8,431.49,408.8,421.47,324698
7/9/2019 16:00:00,423.21,426,419.36,422.74,291737
7/10/2019 16:00:00,425.05,427.1,416.59,417.24,220803
7/11/2019 16:00:00,416.86,417.92,411.19,411.21,171238
7/12/2019 16:00:00,410.96,411.77,395.1,404.06,236825
7/15/2019 16:00:00,403.74,423.1,399,422.8,219198
7/16/2019 16:00:00,422.6,423.33,411.72,415.6,193649
7/17/2019 16:00:00,417.94,439.63,416.58,424.65,324577
7/18/2019 16:00:00,424.38,434.5,422.48,431.43,244005
7/19/2019 16:00:00,435.15,442.99,430.61,431.05,212085
7/22/2019 16:00:00,434.18,446.5,433.97,439.46,185843
7/23/2019 16:00:00,443.87,446,432,434,231926
7/24/2019 16:00:00,433.76,435.9,425.56,433.34,194846
7/25/2019 16:00:00,434.5,445.48,430.69,438.79,234332
7/26/2019 16:00:00,441.39,446.77,438.6,442.99,195930
7/29/2019 16:00:00,445.15,445.15,413,420.47,427466
7/30/2019 16:00:00,414.8,424.62,409.41,413.83,223707
7/31/2019 16:00:00,415.86,421.64,410.11,419.41,303833
8/1/2019 16:00:00,441.8,463,435,451.58,613048
8/2/2019 16:00:00,450.1,452.01,427.38,438.95,411934
8/6/2019 16:00:00,435,442.61,430,441.88,367930
8/7/2019 16:00:00,436.46,456.16,436.46,453.65,348088
8/8/2019 16:00:00,456.29,474.25,455.3,473.1,337202
8/9/2019 16:00:00,468.65,490.95,468.51,488.36,444015
8/12/2019 16:00:00,483.54,492.5,477.9,485.68,323047
8/13/2019 16:00:00,483.98,491.88,469.59,488.49,328455
8/14/2019 16:00:00,476.93,488.16,463,470.07,405289
8/15/2019 16:00:00,473.16,479.1,463.86,467.52,311724
8/16/2019 16:00:00,475.69,479.45,467.51,476.54,246678
8/19/2019 16:00:00,482.8,486.09,477,481.62,186731
8/20/2019 16:00:00,481,501.5,479.77,499.15,290376
8/21/2019 16:00:00,506.8,519.69,501,519.07,305621
8/22/2019 16:00:00,520,522,505.96,517.05,308064
8/23/2019 16:00:00,518.76,533,506.94,508.41,450844
8/26/2019 16:00:00,515.74,528.15,511.25,524.34,296581
8/27/2019 16:00:00,533.57,543.76,529.5,541.49,486875
8/28/2019 16:00:00,540.62,542.75,519.86,525.63,365745
8/29/2019 16:00:00,533.37,536.74,521.28,522.06,309380
8/30/2019 16:00:00,524.21,524.47,494.58,512.82,493819
9/3/2019 16:00:00,511.11,524.64,507.68,512.58,305400
9/4/2019 16:00:00,519.8,521.81,506.3,511.33,275829
9/5/2019 16:00:00,515.59,519.68,502.7,519.51,299175
9/6/2019 16:00:00,517.35,521.75,501.25,501.7,240742
9/9/2019 16:00:00,504.79,505,461.5,472.05,453088
9/10/2019 16:00:00,464.99,467.71,440.41,442.98,315010
9/11/2019 16:00:00,444.72,462.48,442.01,458.28,374101
9/12/2019 16:00:00,467.06,475.2,463.5,471.1,301454
9/13/2019 16:00:00,474.8,474.8,448.42,449.23,316761
9/16/2019 16:00:00,435,455,433.87,447.48,234740
9/17/2019 16:00:00,432.97,444.52,428.19,435.67,294792
9/18/2019 16:00:00,439,439,423.1,432.8,238281
9/19/2019 16:00:00,435,440.19,426.8,430.65,151802
9/20/2019 16:00:00,431.52,439.51,413.87,423.13,483752
9/23/2019 16:00:00,420.24,431.59,412.38,415.5,195883
9/24/2019 16:00:00,414.76,418.65,381.76,390.72,459238
9/25/2019 16:00:00,385.2,418.83,380.21,417.54,352529
9/26/2019 16:00:00,418.36,418.54,401.33,415.72,212803
9/27/2019 16:00:00,415.75,419.88,400.01,404.9,187898
9/30/2019 16:00:00,404.87,418.9,400.75,412.3,255680
10/1/2019 16:00:00,414.27,422.67,410,414.16,234582
10/2/2019 16:00:00,411,414.07,399.97,412.87,154636
10/3/2019 16:00:00,413.21,435.34,406.42,434.16,227199
10/4/2019 16:00:00,435.39,439.1,426.35,435.53,185498
10/7/2019 16:00:00,434.08,441,428.97,433.99,137554
10/8/2019 16:00:00,430,433.15,414.03,414.39,190001
10/9/2019 16:00:00,417.3,421.55,415.25,418.65,137761
10/10/2019 16:00:00,417.01,437.12,415,431.24,180971
10/11/2019 16:00:00,439.9,445.5,429.24,434.98,278612
10/15/2019 16:00:00,459,462.97,454.1,456.91,278948
10/16/2019 16:00:00,453.6,453.61,425.28,426.94,170732
10/17/2019 16:00:00,429.72,438.7,426.94,435.6,142439
10/18/2019 16:00:00,438.5,440,410.26,412.16,229140
10/21/2019 16:00:00,415.05,427.5,409,418.04,229620
10/22/2019 16:00:00,422.11,427.44,386.77,392.02,249466
10/23/2019 16:00:00,391.8,405,380.8,388.21,160209
10/24/2019 16:00:00,394.21,423.94,392.91,422.34,293908
10/25/2019 16:00:00,415.5,419.32,405,414.58,141356
10/28/2019 16:00:00,423.8,429.55,409,422.75,157947
10/29/2019 16:00:00,400,420.45,390.1,409.36,233841
10/30/2019 16:00:00,409.38,421.02,405,419.91,135957
10/31/2019 16:00:00,417.97,420.5,406.89,413,151473
11/1/2019 16:00:00,417,424.25,411.64,416.19,114189
11/4/2019 16:00:00,421.03,422.36,399.75,405.23,238245
11/5/2019 16:00:00,405.91,405.91,387.65,389.15,234879
11/6/2019 16:00:00,389.19,396.2,384.93,388.99,196941
11/7/2019 16:00:00,389.99,392,372.57,376.54,210325
11/8/2019 16:00:00,372.01,395.1,372.01,393.75,194491
11/11/2019 16:00:00,393.69,403.36,388.59,401.41,160237
11/12/2019 16:00:00,402.62,410.7,401,404.9,144043
11/13/2019 16:00:00,402.77,417.25,401.57,416.28,254639
11/14/2019 16:00:00,416.52,424,410.48,413.81,132845
11/15/2019 16:00:00,417,418.1,410,413.19,107230
11/18/2019 16:00:00,413.18,430.37,410.5,426.66,234582
11/19/2019 16:00:00,430.5,430.52,417,419.65,160297
11/20/2019 16:00:00,417.56,431.71,415.08,421.76,167186
11/21/2019 16:00:00,424.06,427.1,417.99,419.86,131694
11/22/2019 16:00:00,421.14,424.45,411.5,418.26,130636
11/25/2019 16:00:00,419.31,424.2,415.77,421.85,131691
11/26/2019 16:00:00,422.67,447.42,422.22,443.57,364734
11/27/2019 16:00:00,449.7,455.13,438,453.19,224365
11/28/2019 16:00:00,453.21,455.49,452.17,454,39233
11/29/2019 16:00:00,452.88,457.5,445.45,445.45,128216
12/2/2019 16:00:00,447.18,447.39,414.38,440.21,265800
12/3/2019 16:00:00,427.27,467,427.23,466.42,248558
12/4/2019 16:00:00,464.39,497.27,463.65,490.77,329991
12/5/2019 16:00:00,490.51,496.11,475,479.25,212109
12/6/2019 16:00:00,487,493.68,478.35,483.35,169511
12/9/2019 16:00:00,484.2,503.85,483,489.94,259911
12/10/2019 16:00:00,494,494,482.65,487.04,184994
12/11/2019 16:00:00,487.5,493.5,483.97,491.71,167750
12/12/2019 16:00:00,491.65,495.02,481.22,489.61,227538
12/13/2019 16:00:00,488.94,516.6,488.9,508.43,312817
12/16/2019 16:00:00,513.98,521.26,502.85,517.42,221975
12/17/2019 16:00:00,517.2,521.97,500.77,510.85,252381
12/18/2019 16:00:00,513,530.17,512.97,520.56,391152
12/19/2019 16:00:00,520.99,526.66,513.85,516.06,178895
12/20/2019 16:00:00,516.2,524.99,510.29,513.22,715483
12/23/2019 16:00:00,516.83,524.99,510.37,511.62,243940
12/24/2019 13:30:00,512.46,527.17,508.21,525.39,125214
12/27/2019 16:00:00,539.97,544,528,534.76,156355